date,region.is.berovo,region.is.delcevo,region.is.kocani,region.is.kratovo,region.is.pehcevo,region.is.probistip,region.is.stip,region.is.vinica,region.ji.gevgelija,region.ji.radovis,region.ji.strumica,region.ji.valandovo,region.jz.debar,region.jz.kicevo,region.jz.makedonski_brod,region.jz.ohrid,region.jz.struga,region.pe.bitola,region.pe.demir_hisar,region.pe.krusevo,region.pe.prilep,region.pe.resen,region.po.gostivar,region.po.tetovo,region.si.kriva_palanka,region.si.kumanovo,region.sk.skopje,region.va.kavadarci,region.va.negotino,region.va.sveti_nikole,region.va.veles
2020-02-25,,,,,,,,,,,0,,,,,,,,,,,,,,,,,,,,
2020-02-26,0,0,0,0,0,0,0,0,0,0,0,0,0,0,0,0,0,0,0,0,0,0,0,0,0,0,0,0,0,0,0
2020-02-27,0,0,0,0,0,0,0,0,0,0,0,0,0,0,0,0,0,0,0,0,0,0,0,0,0,0,0,0,0,0,0
2020-02-28,0,0,0,0,0,0,0,0,0,0,0,0,0,0,0,0,0,0,0,0,0,0,0,0,0,0,0,0,0,0,0
2020-02-29,0,0,0,0,0,0,0,0,0,0,0,0,0,0,0,0,0,0,0,0,0,0,0,0,0,0,0,0,0,0,0
2020-03-01,0,0,0,0,0,0,0,0,0,0,0,0,0,0,0,0,0,0,0,0,0,0,0,0,0,0,0,0,0,0,0
2020-03-02,0,0,0,0,0,0,0,0,0,0,0,0,0,0,0,0,0,0,0,0,0,0,0,0,0,0,0,0,0,0,0
2020-03-03,0,0,0,0,0,0,0,0,0,0,0,0,0,0,0,0,0,0,0,0,0,0,0,0,0,0,0,0,0,0,0
2020-03-04,0,0,0,0,0,0,0,0,0,0,0,0,0,0,0,0,0,0,0,0,0,0,0,0,0,0,0,0,0,0,0
2020-03-05,0,0,0,0,0,0,0,0,0,0,0,0,0,0,0,0,0,0,0,0,0,0,0,0,0,0,0,0,0,0,0
2020-03-06,0,0,0,0,0,0,0,0,0,0,0,0,0,0,0,0,0,0,0,0,0,0,0,0,0,0,0,0,0,0,0
2020-03-07,0,0,0,0,0,0,0,0,0,0,0,0,0,0,0,0,0,0,0,0,0,0,0,0,0,0,0,0,0,0,0
2020-03-08,0,0,0,0,0,0,0,0,0,0,0,0,0,0,0,0,0,0,0,0,0,0,0,0,0,0,0,0,0,0,0
2020-03-09,0,0,0,0,0,0,0,0,0,0,0,0,0,0,0,0,0,0,0,0,0,0,0,0,0,0,0,0,0,0,0
2020-03-10,0,0,0,0,0,0,0,0,0,0,0,0,0,0,0,0,0,0,0,0,0,0,0,0,0,0,0,0,0,0,0
2020-03-11,0,0,0,0,0,0,0,0,0,0,0,0,0,0,0,0,0,0,0,0,0,0,0,0,0,0,0,0,0,0,0
2020-03-12,0,0,0,0,0,0,0,0,0,0,0,0,0,0,0,0,0,0,0,0,0,0,0,0,0,0,0,0,0,0,0
2020-03-13,0,0,0,0,0,0,0,0,0,0,0,0,0,0,0,0,0,0,0,0,0,0,0,0,0,0,0,0,0,0,0
2020-03-14,0,0,0,0,0,0,0,0,0,0,0,0,0,0,0,0,0,0,0,0,0,0,0,0,0,0,0,0,0,0,0
2020-03-15,0,0,0,0,0,0,0,0,0,0,0,0,0,0,0,0,0,0,0,0,0,0,0,0,0,0,0,0,0,0,0
2020-03-16,0,0,0,0,0,0,0,0,0,0,0,0,0,0,0,0,0,0,0,0,0,0,0,0,0,0,0,0,0,0,0
2020-03-17,0,0,0,0,0,0,0,0,0,0,0,0,0,0,0,0,0,0,0,0,0,0,0,0,0,0,0,0,0,0,0
2020-03-18,0,0,0,0,0,0,0,0,0,0,0,0,0,0,0,0,0,0,0,0,0,0,0,0,0,0,0,0,0,0,0
2020-03-19,0,0,0,0,0,0,0,0,0,0,0,0,0,0,0,0,0,0,0,0,0,0,0,0,0,0,0,0,0,0,0
2020-03-20,0,0,0,0,0,0,0,0,0,0,0,0,0,0,0,0,0,0,0,0,0,0,0,0,0,0,0,0,0,0,0
2020-03-21,0,0,0,0,0,0,0,0,0,0,0,0,0,0,0,0,0,0,0,0,0,0,0,0,0,1,0,0,0,0,0
2020-03-22,0,0,0,0,0,0,0,0,0,0,0,0,1,0,0,0,0,0,0,0,0,0,0,0,0,1,0,0,0,0,0
2020-03-23,0,0,0,0,0,0,0,0,0,0,0,0,1,0,0,0,0,0,0,0,0,0,0,0,0,1,0,0,0,0,0
2020-03-24,0,0,0,0,0,0,0,0,0,0,0,0,2,0,0,0,0,0,0,0,0,0,0,0,0,1,0,0,0,0,0
2020-03-25,0,0,0,0,0,0,0,0,0,0,0,0,2,0,0,0,0,0,0,0,0,0,0,0,0,1,0,0,0,0,0
2020-03-26,0,0,0,0,0,0,0,0,0,0,0,0,2,0,0,0,0,0,0,0,0,0,0,0,0,1,0,0,0,0,0
2020-03-27,0,0,0,0,0,0,0,0,0,0,0,0,2,0,0,0,1,0,0,0,0,0,0,0,0,1,0,0,0,0,0
2020-03-28,0,0,0,0,0,0,0,0,0,0,0,0,2,0,0,0,3,0,0,0,0,0,0,0,0,1,0,0,0,0,0
2020-03-29,0,0,0,0,0,0,0,0,0,0,0,0,3,0,0,0,3,0,0,0,0,0,0,0,0,1,0,0,0,0,0
2020-03-30,0,0,0,0,0,0,0,0,0,0,0,0,4,0,0,0,3,0,0,0,0,0,0,0,0,2,0,0,0,0,0
2020-03-31,0,0,0,0,0,0,0,0,0,0,0,0,4,0,0,0,3,0,0,0,0,0,0,0,0,2,1,0,0,0,0
2020-04-01,0,0,0,0,0,0,0,0,0,0,0,0,4,0,0,0,3,0,0,0,0,0,0,0,0,3,1,0,0,0,0
2020-04-02,0,0,0,0,0,0,0,0,0,0,0,0,4,0,0,0,3,0,0,0,0,0,0,1,0,3,2,0,0,0,0
2020-04-03,0,0,0,0,0,0,0,0,0,0,0,0,4,0,0,0,4,0,0,0,0,0,0,1,0,3,4,0,0,0,1
2020-04-04,0,0,0,0,0,0,0,0,0,0,0,0,4,0,0,0,4,0,0,0,0,0,0,1,0,4,4,0,0,0,1
2020-04-05,0,0,1,0,0,0,0,0,0,0,0,0,4,0,0,0,4,0,0,0,0,0,0,3,0,4,4,0,0,0,1
2020-04-06,0,0,1,0,0,0,1,0,0,0,0,0,4,0,0,0,5,0,0,0,0,0,0,4,0,6,4,0,0,0,1
2020-04-07,0,0,1,0,0,0,1,0,0,0,0,0,4,0,0,0,5,0,0,0,0,0,0,4,0,7,4,1,0,0,1
2020-04-08,0,0,1,0,0,0,1,0,0,0,0,0,4,0,0,0,5,0,0,0,1,0,0,4,0,8,4,1,0,0,1
2020-04-09,0,0,1,0,0,0,1,0,0,0,0,0,4,0,0,0,6,0,0,0,1,0,0,4,0,8,5,1,0,0,1
2020-04-10,0,0,1,0,0,0,1,0,0,0,0,0,4,0,0,0,6,0,0,0,2,0,0,4,0,9,5,1,0,0,1
2020-04-11,0,0,1,0,0,0,1,0,0,0,0,0,4,0,0,0,6,0,0,0,2,0,0,4,0,9,5,1,0,0,1
2020-04-12,0,0,1,0,0,0,1,0,0,0,0,0,4,0,0,0,6,0,0,0,3,0,0,4,0,9,7,1,0,0,2
2020-04-13,0,0,1,0,0,0,1,0,0,0,0,0,4,0,0,0,8,0,0,0,4,0,0,4,0,11,7,1,0,0,3
2020-04-14,0,0,1,0,0,0,1,0,0,0,0,0,4,0,0,0,8,0,0,0,4,0,0,4,0,11,8,1,0,0,3
2020-04-15,0,0,1,0,0,0,1,0,0,0,0,0,4,0,0,0,9,0,0,0,4,0,0,4,0,11,8,1,0,0,3
2020-04-16,0,0,1,0,0,0,1,0,0,0,0,0,4,0,0,0,10,0,0,1,4,0,0,4,0,12,8,1,0,0,3
2020-04-17,0,0,1,0,0,0,1,0,0,0,0,0,4,0,0,0,10,0,0,1,4,0,0,4,0,12,8,1,0,0,3
2020-04-18,0,0,1,0,0,0,2,0,0,0,0,0,4,0,0,0,10,0,0,1,4,0,0,4,0,12,9,1,0,0,3
2020-04-19,0,0,1,0,0,0,2,0,0,0,0,0,4,0,0,0,11,0,0,1,5,0,0,4,0,13,9,1,0,0,3
2020-04-20,0,0,1,0,0,0,2,0,0,0,0,0,4,0,0,0,12,0,0,1,5,0,0,4,0,13,9,1,0,0,3
2020-04-21,0,0,1,0,0,0,2,0,0,0,0,0,4,0,0,0,12,0,0,1,5,0,0,4,0,13,10,1,0,0,3
2020-04-22,0,0,1,0,0,0,2,0,0,0,0,0,4,0,0,0,12,0,0,1,5,0,0,4,0,13,10,1,0,0,3
2020-04-23,0,0,1,0,0,0,2,0,0,0,0,0,4,0,0,0,12,0,0,1,5,0,0,4,0,13,11,1,0,0,3
2020-04-24,0,0,1,0,0,0,2,0,0,0,0,0,4,0,0,0,12,0,0,1,5,0,1,4,0,13,12,1,0,0,3
2020-04-25,0,0,1,0,0,0,2,0,0,0,0,0,4,0,0,0,12,0,0,1,5,0,1,4,0,14,13,1,0,0,3
2020-04-26,0,0,1,0,0,0,2,0,0,0,0,0,4,0,0,0,12,1,0,1,5,0,1,5,0,16,13,1,0,0,3
2020-04-27,0,0,1,0,0,0,2,0,0,0,0,0,4,0,0,0,12,1,0,1,7,0,1,6,0,16,16,1,0,0,3
2020-04-28,0,0,1,0,0,0,2,0,0,0,0,0,4,0,0,0,12,1,0,1,7,0,1,6,0,17,17,1,0,0,3
2020-04-29,0,0,1,0,0,0,2,0,0,0,0,0,4,0,0,0,12,1,0,1,7,0,2,6,0,19,18,1,0,0,3
2020-04-30,0,0,2,0,0,0,2,0,0,0,0,0,4,0,0,0,12,1,0,1,10,0,2,6,0,19,18,1,0,0,3
2020-05-01,0,0,2,0,0,0,2,0,0,0,0,0,4,0,0,0,13,1,0,1,10,0,2,6,0,19,18,1,0,0,3
2020-05-02,0,0,2,0,0,0,2,0,0,0,0,0,4,0,0,0,14,1,0,1,10,0,2,6,0,20,18,1,0,0,3
2020-05-03,0,0,2,0,0,0,2,0,0,0,0,0,4,0,0,0,14,1,0,1,10,0,2,7,0,20,18,1,0,0,3
2020-05-04,0,0,2,0,0,0,2,0,0,0,0,0,4,0,0,0,14,1,0,1,10,0,2,8,0,20,18,1,0,0,3
2020-05-05,0,0,2,0,0,0,2,0,0,0,0,0,4,0,0,0,14,2,0,1,11,0,2,8,0,20,18,1,0,0,3
2020-05-06,0,0,2,0,0,0,2,0,0,0,0,0,4,0,0,0,14,2,0,1,11,0,2,8,0,20,18,1,0,0,4
2020-05-07,0,0,2,0,0,0,2,0,0,0,0,0,4,0,0,0,14,2,0,1,11,0,2,9,0,20,18,1,0,0,4
2020-05-08,0,0,2,0,0,0,2,0,0,0,0,0,4,0,0,0,14,2,0,1,11,0,2,9,0,20,18,1,0,0,5
2020-05-09,0,0,2,0,0,0,2,0,0,0,0,0,4,0,0,0,14,2,0,1,11,0,2,9,0,20,18,1,0,0,5
2020-05-10,0,0,2,0,0,0,2,0,0,0,0,0,4,0,0,0,14,2,0,1,11,0,2,9,0,20,18,1,0,0,5
2020-05-11,0,1,2,0,0,0,2,0,0,0,0,0,4,0,0,0,14,2,0,1,11,0,2,9,0,20,18,1,0,0,5
2020-05-12,0,1,2,0,0,0,2,0,0,0,0,0,4,0,0,0,14,2,0,1,12,0,2,10,0,20,18,1,0,0,6
2020-05-13,0,1,2,0,0,0,2,0,0,0,0,0,4,0,0,0,14,2,0,1,12,0,2,10,0,20,18,1,0,0,6
2020-05-14,0,1,2,0,0,0,2,0,0,0,0,0,4,0,0,0,14,2,0,1,12,0,2,10,0,20,19,1,0,0,7
2020-05-15,0,1,2,0,0,0,2,0,0,0,0,0,4,0,0,0,14,2,0,1,12,0,2,10,0,20,20,1,0,0,7
2020-05-16,0,1,2,0,0,0,2,0,0,0,0,0,4,0,0,0,14,2,0,1,12,0,2,12,0,20,20,1,0,0,8
2020-05-17,0,1,2,0,0,0,2,0,0,0,0,0,4,0,0,0,15,2,0,1,12,0,2,12,0,21,21,1,0,0,8
2020-05-18,0,1,2,0,0,0,2,0,0,0,0,0,4,0,0,0,15,2,0,1,12,0,2,13,0,21,22,1,0,0,8
2020-05-19,0,1,2,0,0,0,2,0,0,0,0,0,4,0,0,0,15,2,0,1,13,0,2,14,0,21,24,1,0,0,8
2020-05-20,0,1,2,0,0,0,2,0,0,0,0,0,4,0,0,0,15,2,0,1,14,0,2,14,0,21,24,1,0,0,8
2020-05-21,0,1,2,0,0,0,2,0,0,0,0,0,4,0,0,0,15,2,0,1,14,0,2,15,0,21,24,1,0,0,8
2020-05-22,0,1,2,0,0,0,2,0,0,0,0,0,4,0,0,0,15,2,0,1,14,0,2,15,0,21,25,1,0,0,8
2020-05-23,0,1,2,0,0,0,2,0,0,0,0,0,4,0,0,0,15,2,0,1,14,0,2,15,0,21,25,1,0,0,8
2020-05-24,0,1,2,0,0,0,2,0,0,0,0,0,4,0,0,0,15,2,0,1,14,0,2,15,0,21,25,1,0,0,8
2020-05-25,0,1,2,0,0,0,2,0,0,0,0,0,4,0,0,0,15,2,0,1,14,0,2,16,0,21,26,1,0,0,9
2020-05-26,0,1,2,0,0,0,2,0,0,0,0,0,4,0,0,0,16,2,0,1,14,0,2,17,0,21,27,1,0,0,9
2020-05-27,0,1,2,0,0,0,2,0,0,0,0,0,4,0,0,0,16,2,0,1,14,0,2,19,0,21,28,1,0,0,9
2020-05-28,0,1,2,0,0,0,2,0,0,0,0,0,4,0,0,0,16,2,0,1,14,0,2,20,0,21,30,1,0,0,10
2020-05-29,0,1,2,0,0,0,2,0,0,0,0,0,4,0,0,0,17,2,0,1,14,0,2,20,0,21,34,1,0,0,10
2020-05-30,0,1,2,0,0,0,2,0,0,0,0,0,4,0,0,0,18,2,0,1,14,0,3,20,0,21,34,1,0,0,10
2020-05-31,0,1,2,0,0,0,2,0,0,0,0,0,4,0,0,0,19,2,0,1,14,0,3,22,0,23,36,1,0,0,10
2020-06-01,0,1,2,0,0,0,2,0,0,0,0,0,4,0,0,0,20,2,0,1,14,0,3,22,0,23,36,1,0,0,10
2020-06-02,0,1,2,0,0,0,2,0,0,0,0,0,4,0,0,0,20,2,0,1,15,0,3,23,0,24,37,1,0,0,10
2020-06-03,0,1,2,0,0,0,2,0,0,0,0,0,4,0,0,0,20,2,0,1,15,0,3,25,0,24,37,1,0,0,10
2020-06-04,0,1,2,0,0,0,2,0,0,0,0,0,4,0,0,0,20,2,0,1,15,0,3,25,0,25,38,1,0,0,10
2020-06-05,0,1,2,0,0,0,2,0,0,0,1,0,4,0,0,0,20,2,0,1,16,0,3,25,0,25,38,1,0,0,10
2020-06-06,0,1,2,0,0,0,2,0,0,0,1,0,4,0,0,0,21,2,0,1,17,0,3,25,0,25,38,1,0,0,10
2020-06-07,0,1,2,0,0,0,2,0,0,0,1,0,4,0,0,0,21,2,0,1,17,0,3,25,0,26,40,1,0,0,10
2020-06-08,0,1,2,0,0,0,2,0,0,0,1,0,4,0,0,0,21,2,0,1,17,0,3,25,0,27,40,1,0,0,10
2020-06-09,0,1,2,0,0,0,3,0,0,0,1,0,4,0,0,0,23,2,0,1,17,0,3,26,0,27,43,1,0,0,10
2020-06-10,0,1,2,0,0,0,3,0,0,0,1,0,4,0,0,0,23,2,0,1,18,0,4,26,0,27,46,1,0,0,10
2020-06-11,0,1,2,0,0,0,3,0,0,0,1,0,4,0,0,0,23,2,0,1,18,0,4,27,0,27,47,1,0,0,10
2020-06-12,0,1,2,0,0,0,3,0,0,0,1,0,4,0,0,1,24,2,0,1,18,1,5,27,0,27,51,1,0,0,10
2020-06-13,0,1,2,0,0,0,3,0,0,0,1,0,4,0,0,1,25,2,0,1,19,1,6,29,0,27,54,1,0,0,11
2020-06-14,0,1,2,0,0,0,3,0,0,0,1,0,4,0,0,1,25,2,0,1,19,1,6,30,0,28,57,1,0,0,11
2020-06-15,0,1,2,0,0,0,3,0,0,0,1,0,4,0,0,1,25,2,0,1,19,1,6,32,0,29,62,1,0,0,11
2020-06-16,0,1,2,0,0,0,3,0,0,0,1,0,4,0,0,2,25,2,0,1,19,1,6,33,0,31,67,1,0,0,11
2020-06-17,0,1,2,0,0,0,3,0,0,0,1,0,4,0,0,2,25,2,0,1,19,1,6,35,0,33,69,1,0,0,11
2020-06-18,0,1,2,0,0,0,3,0,0,0,1,0,4,0,0,2,25,2,0,1,19,1,6,37,0,33,73,1,0,0,11
2020-06-19,0,1,2,0,0,0,4,0,0,0,1,0,4,0,0,2,25,2,0,1,19,1,6,38,0,34,81,1,0,0,11
2020-06-20,0,1,2,0,0,0,4,0,0,0,1,0,4,0,0,2,26,2,0,1,19,1,7,38,0,36,82,1,0,0,11
2020-06-21,0,1,2,0,0,0,4,0,0,0,1,0,4,0,0,3,26,2,0,1,19,1,8,40,0,36,87,1,0,0,11
2020-06-22,0,1,2,0,0,0,4,0,0,0,1,0,4,0,0,3,26,2,0,1,19,1,8,40,0,36,91,1,0,0,11
2020-06-23,0,1,2,0,0,0,4,0,0,0,1,0,4,1,0,3,26,2,0,1,19,1,8,42,0,38,93,1,0,0,12
2020-06-24,0,1,2,0,0,0,6,0,0,0,1,0,4,1,0,4,26,2,0,1,19,2,8,43,0,38,94,1,0,0,12
2020-06-25,0,1,2,0,0,0,6,0,0,0,1,0,4,1,0,4,26,2,0,1,19,3,8,43,0,38,96,1,0,0,12
2020-06-26,0,1,2,0,0,0,6,0,0,0,1,0,4,1,0,4,26,2,0,1,19,3,8,49,0,38,99,1,0,0,12
2020-06-27,0,1,2,0,0,0,6,0,0,0,1,0,4,1,0,4,27,2,0,1,19,3,8,50,0,38,106,1,0,0,12
2020-06-28,0,1,2,0,0,0,7,0,0,0,1,0,4,1,0,4,29,2,0,1,19,3,9,52,0,38,111,1,0,0,13
2020-06-29,0,1,2,0,0,0,7,0,0,0,1,0,4,1,0,4,29,2,0,1,20,3,10,53,0,38,112,1,0,0,13
2020-06-30,0,1,2,0,0,0,7,0,0,0,1,0,4,1,0,4,29,2,0,1,20,3,10,53,0,38,116,1,0,0,13
2020-07-01,0,1,2,0,0,0,7,0,0,0,1,0,4,1,0,5,31,2,0,1,20,3,12,55,0,38,124,1,0,0,13
2020-07-02,0,1,3,0,0,0,7,0,0,0,1,0,4,1,0,5,32,2,0,1,20,3,12,55,0,40,126,1,1,0,13
2020-07-03,1,1,3,0,0,0,8,0,0,0,1,0,4,1,0,5,32,2,0,1,20,3,12,55,0,41,129,1,1,0,13
2020-07-04,1,1,3,0,0,0,8,0,0,0,1,0,4,1,0,5,32,2,0,2,20,3,12,56,0,41,134,1,1,0,13
2020-07-05,1,1,3,0,0,0,8,0,0,0,1,0,4,1,0,5,33,2,0,2,20,3,12,56,0,42,137,1,1,0,13
2020-07-06,1,1,3,0,0,0,8,0,0,0,1,0,4,1,0,5,33,2,0,2,20,3,12,58,0,43,139,1,1,0,13
2020-07-07,1,1,3,0,0,0,8,0,0,0,1,0,5,1,0,5,33,2,0,2,20,3,12,59,0,43,145,1,1,0,13
2020-07-08,1,1,3,0,0,0,8,0,0,0,1,0,5,1,0,5,33,2,0,2,20,3,13,59,0,43,147,1,1,0,13
2020-07-09,1,1,3,0,0,0,8,0,0,0,1,0,5,1,0,5,33,2,0,2,20,3,15,59,0,43,151,1,1,0,13
2020-07-10,1,1,3,0,0,0,9,0,0,0,1,0,5,1,0,5,35,2,0,2,20,3,15,63,0,43,152,1,1,0,13
2020-07-11,1,1,3,0,0,0,9,0,0,0,1,0,5,1,0,5,37,2,0,2,20,3,16,63,0,44,154,1,1,0,13
2020-07-12,1,1,3,0,0,0,10,0,0,0,1,0,5,1,0,5,37,2,0,2,20,3,16,63,0,44,156,1,1,0,13
2020-07-13,1,1,3,0,0,0,10,0,0,0,1,0,5,2,0,6,37,2,0,2,20,3,16,64,0,44,157,1,1,0,13
2020-07-14,1,1,3,0,0,0,10,0,0,0,1,0,5,2,0,6,37,2,0,2,22,3,16,65,0,44,158,1,1,0,13
2020-07-15,1,1,3,0,0,0,10,0,0,0,1,0,5,3,0,7,38,2,0,2,23,3,18,65,0,44,160,1,1,0,13
2020-07-16,1,1,3,0,0,0,10,0,0,0,1,0,5,3,0,7,38,2,0,2,23,4,18,66,0,44,163,1,1,0,13
2020-07-17,1,1,3,0,0,0,10,0,0,0,2,0,5,3,0,7,40,2,0,2,23,4,19,68,0,44,165,1,1,0,13
2020-07-18,1,1,3,0,0,0,10,0,0,0,2,0,5,4,0,7,41,2,0,2,23,4,19,69,0,44,170,1,1,0,13
2020-07-19,1,1,3,0,0,0,11,0,0,0,2,0,5,5,0,7,41,2,0,2,23,4,20,70,0,46,174,1,1,0,13
2020-07-20,1,1,3,0,0,0,11,0,0,0,2,0,5,5,0,7,41,2,0,2,23,4,20,70,0,46,174,1,1,0,13
2020-07-21,1,1,3,0,0,0,11,0,0,1,2,0,5,5,0,7,41,2,0,2,23,4,21,71,0,48,179,1,1,0,13
2020-07-22,1,1,3,0,0,0,11,0,0,1,3,0,6,5,0,7,41,2,0,2,23,4,21,71,0,48,180,1,1,0,13
2020-07-23,1,1,3,0,0,0,11,0,0,1,3,0,6,5,0,7,42,2,0,2,23,4,21,71,0,48,185,1,1,0,13
2020-07-24,1,1,3,0,0,0,12,0,0,1,3,0,6,5,0,7,43,2,0,2,23,4,23,71,0,50,188,1,1,0,13
2020-07-25,1,1,3,0,0,0,12,0,0,1,3,0,6,5,0,7,43,2,0,2,23,4,23,71,0,50,188,1,1,0,13
2020-07-26,1,1,3,0,0,0,12,0,0,1,3,0,6,6,0,7,44,2,0,2,23,4,23,71,0,50,192,1,1,0,13
2020-07-27,1,1,3,0,0,0,13,0,0,1,3,0,6,7,0,7,44,2,0,2,24,4,23,71,0,51,193,1,1,0,13
2020-07-28,1,1,3,0,0,0,13,0,0,1,3,0,6,7,0,7,44,3,0,2,24,4,23,73,0,52,194,1,1,0,13
2020-07-29,1,1,3,0,0,0,13,0,0,1,3,0,6,7,0,7,44,3,0,2,24,4,24,73,0,52,197,1,1,0,13
2020-07-30,1,1,4,0,0,0,13,0,0,1,3,0,6,7,0,7,44,3,0,2,24,4,24,73,0,52,202,1,1,0,13
2020-07-31,1,1,4,0,0,0,14,0,0,1,3,0,7,8,1,7,44,4,0,2,24,4,24,73,0,52,204,1,1,0,13
2020-08-01,1,1,4,0,0,0,15,0,0,1,3,0,7,9,1,7,44,5,0,2,24,4,24,73,0,52,205,1,1,0,13
2020-08-02,1,1,4,0,0,0,15,0,0,1,3,0,7,9,1,7,44,6,1,2,24,4,24,73,0,52,206,1,1,0,13
2020-08-03,1,1,4,0,0,0,15,0,0,1,3,0,7,9,1,8,44,6,1,2,24,4,25,73,0,54,207,1,1,0,13
2020-08-04,1,1,4,0,0,0,16,0,0,1,3,0,7,9,1,8,44,6,1,2,24,4,26,74,0,55,209,1,1,0,13
2020-08-05,1,1,4,0,0,0,16,0,0,1,3,0,7,9,1,9,45,6,1,2,24,4,26,74,0,56,212,1,1,0,13
2020-08-06,1,1,4,0,0,0,17,0,0,1,3,0,7,9,1,9,45,6,1,2,24,4,26,74,0,56,213,1,1,0,13
2020-08-07,1,1,4,0,0,0,17,0,0,1,3,0,7,9,2,9,45,6,1,2,24,4,27,74,0,57,214,1,1,0,13
2020-08-08,1,1,4,0,0,0,18,0,0,1,3,0,8,9,2,9,45,6,1,2,24,4,27,74,0,57,216,1,1,0,13
2020-08-09,1,1,4,0,0,0,18,0,0,1,3,0,8,9,2,9,45,6,1,2,24,4,27,74,0,57,217,1,1,0,13
2020-08-10,1,1,4,0,0,0,18,0,0,1,3,0,8,9,2,9,45,6,1,2,24,4,27,74,0,57,218,1,1,0,13
2020-08-11,1,1,4,0,0,0,18,0,0,1,3,0,8,9,2,10,45,6,1,2,24,4,27,74,0,57,218,1,1,0,13
2020-08-12,1,1,4,0,0,0,18,0,0,1,3,0,8,10,2,10,45,6,1,2,24,4,27,74,0,57,219,1,1,0,13
2020-08-13,1,1,4,0,0,0,18,0,0,1,3,0,8,10,2,10,45,6,1,2,24,4,28,74,0,57,221,1,1,0,13
2020-08-14,1,1,4,0,0,0,18,0,0,1,3,0,8,10,2,10,45,6,1,2,24,4,28,74,0,57,223,2,1,1,13
2020-08-15,2,1,4,0,0,0,18,0,0,1,3,0,8,10,2,10,46,6,1,2,24,4,28,74,0,57,226,2,1,1,13
2020-08-16,2,1,4,0,0,0,18,0,0,1,3,0,8,10,3,10,46,6,1,2,24,4,28,74,0,57,227,2,1,1,14
2020-08-17,2,1,4,0,0,0,19,0,0,1,3,0,8,10,3,10,46,6,1,2,24,4,28,74,0,57,228,2,1,1,14
2020-08-18,2,1,4,0,0,0,19,0,0,1,3,0,8,10,3,10,46,6,1,2,24,4,28,74,0,59,228,2,1,1,14
2020-08-19,2,1,4,0,0,0,20,0,0,1,3,0,8,10,3,10,47,6,1,2,24,4,28,75,0,59,228,2,1,1,14
2020-08-20,2,1,4,0,0,0,20,0,0,1,3,0,8,10,3,10,48,6,1,2,24,4,28,75,0,59,230,2,1,1,14
2020-08-21,2,1,4,0,0,0,21,0,0,1,3,0,8,10,3,10,48,6,1,2,24,4,29,75,0,59,234,2,1,1,14
2020-08-22,2,1,4,0,0,0,21,0,0,1,3,0,9,10,3,10,48,6,1,2,24,4,29,75,0,59,234,2,1,1,14
2020-08-23,2,1,4,0,0,0,21,0,0,1,3,0,9,10,3,10,48,6,1,2,24,4,31,76,0,60,234,2,1,1,14
2020-08-24,2,1,4,0,0,0,21,0,0,1,3,0,9,10,3,10,48,6,1,2,24,4,33,76,1,60,235,2,2,1,14
2020-08-25,2,1,4,0,0,0,21,0,0,1,3,0,9,10,3,10,48,6,1,2,25,4,33,77,1,61,237,2,2,1,14
2020-08-26,2,1,4,0,0,0,21,0,0,1,3,0,9,11,3,10,48,6,1,2,26,4,34,78,1,61,240,2,2,1,14
2020-08-27,2,1,4,0,0,0,21,0,0,1,3,0,11,12,3,10,48,6,2,2,26,4,34,78,1,61,241,2,2,1,14
2020-08-28,2,1,4,0,0,0,22,0,0,1,3,0,11,12,3,11,48,6,2,2,28,4,34,78,1,61,243,2,2,1,14
2020-08-29,2,1,4,0,0,0,22,0,0,1,3,0,11,12,3,11,48,6,2,2,28,4,34,78,1,63,245,2,2,1,14
2020-08-30,2,1,4,0,0,0,22,1,0,1,3,0,11,12,3,11,48,6,2,2,29,4,35,78,1,63,245,2,2,1,14
2020-08-31,2,1,4,0,0,0,22,1,0,1,3,0,11,12,3,11,48,6,2,2,29,4,36,78,1,63,245,2,2,1,14
2020-09-01,2,1,4,0,0,0,22,1,0,1,3,0,12,12,3,11,49,6,2,2,29,4,36,78,1,63,245,2,2,1,14
2020-09-02,2,1,4,0,0,0,22,1,0,1,3,0,12,12,3,11,49,6,2,2,29,4,36,78,1,63,245,2,2,1,14
2020-09-03,2,1,4,0,0,0,22,1,0,1,3,0,12,13,4,11,49,6,2,2,29,4,36,78,1,63,246,2,2,1,14
2020-09-04,2,1,4,0,0,0,23,1,0,1,3,0,12,13,4,11,49,6,2,2,30,4,38,78,1,64,246,2,2,1,14
2020-09-05,2,1,4,0,0,0,23,1,0,1,3,0,13,13,4,11,49,6,2,2,30,5,39,78,1,64,246,2,2,1,14
2020-09-06,2,2,4,0,0,0,23,1,0,1,3,0,13,14,4,11,50,6,2,2,30,5,40,78,2,64,247,2,2,1,14
2020-09-07,2,3,4,0,0,0,23,1,0,1,3,0,14,14,4,13,51,6,2,2,30,5,40,80,2,64,248,2,2,1,14
2020-09-08,2,3,4,0,0,0,23,1,0,1,4,0,14,14,4,14,51,6,2,2,30,5,41,80,2,64,248,2,2,1,14
2020-09-09,2,3,4,0,0,0,23,1,0,1,4,0,14,14,4,14,52,6,2,2,32,5,41,80,2,64,248,2,2,1,14
2020-09-10,2,3,4,0,0,0,24,1,0,1,4,0,14,14,5,15,52,6,2,2,33,5,42,80,2,64,248,2,2,1,14
2020-09-11,2,3,4,0,0,0,24,1,0,1,4,0,14,14,5,15,52,6,2,2,34,5,43,81,2,64,249,2,2,1,14
2020-09-12,2,3,4,0,0,0,24,1,0,2,4,0,14,14,5,16,52,6,2,2,34,5,43,81,2,64,249,2,2,1,14
2020-09-13,2,3,4,0,0,0,24,2,0,2,4,0,14,14,5,18,53,6,2,2,34,5,43,81,2,64,249,2,2,1,14
2020-09-14,2,3,4,0,0,0,24,2,0,2,6,0,14,14,5,18,53,6,2,2,34,5,45,81,3,65,251,2,2,1,15
2020-09-15,2,3,5,0,0,0,24,2,0,2,7,0,14,14,5,18,55,7,2,2,34,5,46,81,3,65,252,2,2,1,15
2020-09-16,2,6,5,0,0,0,24,2,0,2,7,0,14,14,5,18,57,7,2,2,34,5,47,81,3,66,252,2,2,1,15
2020-09-17,2,6,5,0,0,0,25,3,0,2,8,0,14,15,5,18,57,7,2,2,36,5,47,82,3,67,252,2,2,1,15
2020-09-18,2,6,5,0,0,0,25,3,0,2,8,0,14,15,5,18,58,7,2,2,36,5,47,84,3,67,255,2,2,1,15
2020-09-19,2,6,5,0,0,0,26,3,0,2,8,0,14,15,5,18,58,7,2,2,36,5,47,84,3,68,257,2,2,1,15
2020-09-20,2,6,6,0,0,0,27,3,0,2,10,0,15,15,5,18,58,7,2,2,37,5,47,84,3,68,257,2,2,2,15
2020-09-21,2,6,6,0,0,0,27,3,0,2,10,0,15,15,5,18,59,8,2,2,38,5,48,85,3,68,257,2,2,2,15
2020-09-22,2,6,7,0,0,0,27,3,0,3,10,0,16,15,5,18,59,8,2,2,38,5,48,85,4,68,258,2,2,2,15
2020-09-23,2,6,7,0,0,0,27,3,0,4,10,0,16,15,5,19,59,8,2,2,38,5,48,85,4,68,258,2,2,2,15
2020-09-24,2,6,7,0,0,0,27,4,0,4,12,0,16,15,5,20,59,8,2,2,38,5,49,87,4,70,258,2,2,2,15
2020-09-25,2,6,7,0,0,0,27,4,0,4,12,0,16,15,5,20,59,8,2,2,38,5,49,87,4,70,259,2,2,2,15
2020-09-26,2,6,8,0,0,0,27,4,0,4,12,0,16,15,5,20,59,8,2,2,39,5,50,87,4,70,259,2,2,2,15
2020-09-27,2,6,8,0,0,0,27,4,0,4,12,0,16,15,5,20,59,8,2,2,39,5,50,88,4,71,261,2,2,2,15
2020-09-28,2,7,8,0,0,0,27,4,0,4,13,0,16,15,5,20,61,8,2,2,39,5,50,89,4,71,264,2,2,2,15
2020-09-29,2,7,8,0,0,0,27,4,0,4,13,0,16,15,5,20,61,8,2,2,40,5,50,89,4,71,264,2,2,2,16
2020-09-30,2,7,8,0,0,0,28,4,0,4,13,0,16,15,5,20,61,8,2,2,40,5,50,89,4,71,267,2,2,2,16
2020-10-01,2,7,8,0,0,0,28,4,0,4,13,0,16,15,5,20,61,9,2,2,41,5,50,90,4,71,270,2,2,2,16
2020-10-02,2,7,8,0,0,0,28,4,0,4,13,0,16,15,5,20,61,10,2,2,42,5,50,90,4,73,270,2,2,2,16
2020-10-03,2,7,8,0,0,0,28,4,0,4,13,0,16,16,5,20,62,10,2,2,42,5,50,90,4,73,271,2,2,2,16
2020-10-04,2,7,8,0,0,0,28,4,0,4,13,0,16,16,5,20,62,10,2,2,42,5,50,91,4,73,274,2,2,2,16
2020-10-05,2,7,9,0,0,0,28,4,0,4,14,0,16,16,5,20,63,10,2,2,42,5,53,91,4,73,276,2,2,2,16
2020-10-06,2,7,9,0,0,0,28,4,0,4,14,0,16,16,5,20,64,10,2,2,42,5,55,91,4,73,277,2,2,2,16
2020-10-07,2,7,9,0,0,0,28,4,0,5,14,0,16,16,5,21,64,10,2,2,42,5,56,91,4,73,277,2,2,2,16
2020-10-08,2,7,9,0,0,0,28,4,0,5,14,0,16,16,5,21,65,11,2,2,42,5,56,92,4,73,279,2,2,3,16
2020-10-09,2,7,9,0,0,0,28,4,0,6,14,0,16,17,5,21,65,11,2,2,42,5,56,92,4,74,280,2,2,3,16
2020-10-10,2,7,9,0,0,0,28,4,1,6,14,0,16,17,5,21,65,13,2,2,42,5,56,93,4,75,281,3,2,3,16
2020-10-11,2,7,11,0,0,0,28,4,1,6,15,0,16,17,5,21,65,13,2,2,42,5,56,94,5,75,281,3,2,3,16
2020-10-12,2,7,11,0,0,0,28,4,1,6,16,0,16,17,5,21,66,13,2,2,42,5,56,94,5,75,282,3,2,3,16
2020-10-13,2,7,11,0,0,1,28,4,1,6,17,0,16,17,5,21,68,13,2,2,42,5,56,94,6,76,284,3,2,4,16
2020-10-14,2,7,11,0,0,1,28,4,1,6,17,0,16,17,5,21,68,14,2,2,43,5,56,94,6,77,284,3,3,5,17
2020-10-15,2,7,11,0,0,1,29,4,1,6,18,0,16,17,5,21,68,14,2,2,43,5,56,94,7,77,287,3,3,5,17
2020-10-16,2,7,11,0,0,1,29,4,2,6,18,0,16,17,5,21,68,14,2,2,44,5,56,94,7,78,287,3,3,5,17
2020-10-17,2,7,11,0,0,1,29,4,2,6,19,0,16,17,5,21,69,14,2,2,46,5,56,96,8,79,289,3,3,5,17
2020-10-18,2,7,11,0,0,1,29,4,2,6,19,0,16,17,5,21,70,15,2,2,47,5,56,97,8,79,296,4,3,5,17
2020-10-19,2,7,11,0,0,1,29,4,2,6,19,0,16,17,5,21,70,16,2,2,47,6,56,97,8,79,298,4,3,5,17
2020-10-20,2,7,11,0,0,1,29,4,2,6,20,0,16,17,5,21,70,16,2,2,49,6,58,97,8,80,301,4,3,6,19
2020-10-21,2,7,11,0,0,1,30,4,2,6,21,0,16,17,5,21,70,16,2,2,50,6,58,97,8,80,308,4,3,6,21
2020-10-22,2,8,11,0,0,2,31,4,2,7,22,0,16,17,5,21,70,16,2,2,50,6,58,97,8,80,312,4,3,6,21
2020-10-23,3,8,12,0,0,2,31,5,3,7,22,0,16,17,5,21,71,17,2,2,51,8,58,98,9,82,313,4,3,6,21
2020-10-24,3,9,13,0,0,2,31,5,3,7,22,0,18,17,5,21,72,19,2,2,52,8,60,98,11,83,320,4,3,6,23
2020-10-25,3,9,15,0,0,2,31,5,4,7,22,0,18,17,5,22,74,19,2,2,52,8,61,101,11,84,322,5,3,6,24
2020-10-26,3,10,15,0,0,2,31,5,6,7,22,0,18,17,5,23,74,19,2,2,52,9,61,101,11,84,329,5,3,6,27
2020-10-27,3,10,15,1,0,2,31,5,6,8,23,0,19,17,5,23,74,19,2,2,54,9,61,102,11,87,332,5,3,6,28
2020-10-28,3,10,15,1,0,2,31,5,6,9,25,0,19,17,5,23,75,20,2,2,55,10,61,103,11,87,337,5,3,6,29
2020-10-29,3,10,15,1,0,2,31,5,6,9,25,0,19,17,5,23,75,20,2,2,57,10,61,103,11,87,340,5,3,6,29
2020-10-30,3,10,15,1,0,2,31,5,6,9,25,0,19,17,5,23,75,21,2,2,60,10,62,105,11,88,343,6,3,6,29
2020-10-31,3,10,16,1,0,3,31,5,6,9,25,0,19,17,5,24,75,22,2,2,62,10,62,105,11,88,347,6,3,6,29
2020-11-01,3,10,16,1,0,3,32,5,8,10,25,0,19,17,5,25,75,23,2,2,63,10,62,110,11,89,353,6,3,6,31
2020-11-02,3,10,16,1,0,4,32,5,8,10,31,0,19,17,5,28,75,25,2,2,67,10,64,110,11,90,355,6,3,6,34
2020-11-03,3,10,16,1,1,4,34,5,8,10,31,0,19,17,5,30,75,27,2,3,68,10,65,112,11,90,363,6,3,6,36
2020-11-04,4,10,17,1,1,4,35,5,8,10,32,0,19,17,5,31,76,28,2,3,72,10,65,113,11,90,364,6,3,6,36
2020-11-05,4,10,17,1,1,4,35,5,8,11,33,0,19,18,5,32,76,30,2,3,73,10,65,113,11,91,368,6,3,6,36
2020-11-06,4,10,17,1,1,4,36,5,8,12,33,0,19,20,5,32,76,31,2,3,73,10,66,117,12,91,369,7,3,7,36
2020-11-07,4,11,18,1,1,4,37,5,9,12,34,0,19,20,5,35,77,33,2,3,77,10,66,121,12,92,373,7,3,7,38
2020-11-08,4,11,18,1,1,4,38,5,9,12,38,0,19,20,5,36,77,34,2,4,79,10,68,123,13,94,376,7,3,7,38
2020-11-09,4,11,19,1,1,4,39,5,9,14,38,0,19,20,5,36,77,35,2,4,82,10,69,128,13,99,382,12,3,7,38
2020-11-10,4,12,19,1,1,4,41,5,9,16,39,0,19,20,5,39,79,37,2,4,83,10,70,129,14,99,389,13,3,7,39
2020-11-11,4,12,19,1,1,4,42,5,9,16,39,0,19,20,5,40,80,43,2,4,88,10,70,131,14,100,395,15,3,8,39
2020-11-12,4,12,19,1,2,4,42,5,9,16,40,1,19,20,5,40,80,47,2,5,90,10,71,134,15,105,398,16,3,9,39
2020-11-13,4,12,19,2,2,4,43,5,9,16,41,1,19,20,5,41,80,49,2,5,90,10,75,135,15,107,403,16,3,9,39
2020-11-14,5,13,19,2,2,4,44,5,9,16,44,1,19,23,5,41,80,51,2,5,91,10,76,136,15,107,410,19,3,9,39
2020-11-15,5,13,19,2,2,4,47,5,10,16,45,1,19,25,5,41,82,54,2,6,96,10,79,137,15,109,420,21,3,10,42
2020-11-16,5,13,19,2,2,4,49,5,11,16,45,1,20,28,5,44,82,58,2,6,98,10,79,139,15,111,427,22,4,10,44
2020-11-17,6,13,19,2,2,4,52,5,11,17,45,1,20,28,6,44,83,62,2,6,101,10,80,139,15,111,433,22,4,10,44
2020-11-18,6,13,19,2,2,4,53,5,11,17,45,1,20,28,6,47,85,66,2,6,103,10,81,141,15,112,441,22,4,10,46
2020-11-19,6,13,20,2,2,4,54,5,11,17,51,1,20,29,6,49,85,71,2,7,106,10,81,142,15,113,451,22,5,10,52
2020-11-20,6,13,20,2,2,4,55,5,11,17,52,1,20,29,6,49,85,72,2,8,109,10,83,145,15,117,457,23,5,10,54
2020-11-21,6,13,21,2,2,4,56,6,11,17,52,1,20,29,7,50,85,77,2,9,112,10,83,147,16,118,461,23,5,10,56
2020-11-22,8,13,22,2,2,4,57,6,12,18,54,1,20,31,7,51,85,79,2,9,114,10,87,148,16,121,471,24,5,10,57
2020-11-23,8,13,22,2,2,4,57,6,12,18,54,1,21,32,7,51,85,80,3,9,120,11,87,148,16,121,472,25,5,11,58
2020-11-24,9,13,22,2,2,4,58,6,12,18,55,1,22,34,7,53,87,80,4,9,123,11,87,152,16,123,488,25,6,11,60
2020-11-25,9,15,23,3,2,4,59,6,13,18,56,1,22,35,7,53,87,86,4,9,123,11,90,152,16,125,497,25,7,11,61
2020-11-26,9,15,23,4,2,4,60,6,13,18,57,1,23,35,7,54,88,86,4,9,123,12,92,157,16,129,506,25,7,11,62
2020-11-27,9,15,24,4,2,5,60,6,13,19,60,2,23,36,7,58,88,89,4,9,125,12,96,157,16,129,523,26,7,11,64
2020-11-28,9,15,24,4,2,5,60,6,14,19,63,2,23,36,7,59,88,92,4,9,128,13,99,158,16,133,534,26,7,11,65
2020-11-29,9,16,25,4,2,5,60,6,14,21,65,2,23,37,7,61,90,92,4,9,130,13,100,161,16,133,546,27,8,11,66
2020-11-30,9,16,25,4,2,5,60,6,17,22,67,2,23,37,7,61,90,94,4,9,134,13,104,162,16,136,553,28,9,11,66
2020-12-01,11,16,25,5,2,6,61,6,18,22,68,2,23,38,7,61,94,95,4,9,140,13,105,163,17,137,562,28,9,11,67
2020-12-02,12,16,25,5,2,6,63,6,18,22,69,2,23,38,7,62,95,95,4,10,144,13,106,163,17,138,569,28,9,11,69
2020-12-03,13,16,25,5,2,7,63,6,18,23,70,2,23,38,7,62,97,97,4,11,147,14,108,164,17,139,581,28,10,11,69
2020-12-04,13,16,26,5,2,7,63,6,18,23,71,2,23,39,7,63,98,100,4,11,147,14,108,164,18,141,593,28,10,11,70
2020-12-05,13,16,26,5,2,7,65,6,18,25,72,2,23,39,7,66,102,104,4,12,147,14,109,164,18,141,598,28,10,11,70
2020-12-06,14,17,26,5,2,7,65,6,19,25,72,2,23,39,7,66,103,106,4,12,150,14,111,164,18,142,610,28,11,11,70
2020-12-07,14,18,26,5,2,7,66,6,20,25,74,2,23,39,7,67,104,107,4,12,155,15,113,164,18,143,617,29,12,11,72
2020-12-08,14,18,28,5,2,7,67,6,20,25,77,2,24,41,8,70,106,107,5,12,156,15,114,169,18,143,636,30,12,11,75
2020-12-09,14,18,29,7,2,8,67,6,20,26,77,2,25,42,8,70,108,110,5,13,162,15,115,169,18,144,641,31,12,11,76
2020-12-10,14,19,31,7,2,9,69,6,20,26,78,2,25,43,8,70,109,111,5,13,164,15,119,169,19,146,648,31,12,11,76
2020-12-11,14,20,31,8,2,9,69,6,20,26,78,2,25,43,8,72,110,112,5,13,164,15,121,169,23,147,652,32,12,11,77
2020-12-12,14,20,31,8,2,9,69,6,21,27,79,2,25,43,8,72,110,115,5,13,165,16,124,169,23,149,660,33,12,12,79
2020-12-13,14,21,31,8,2,9,69,7,21,27,80,2,25,43,8,73,111,118,5,14,166,16,125,173,23,152,667,33,12,13,79
2020-12-14,15,21,32,8,2,10,69,8,22,27,80,2,25,43,8,75,113,119,5,14,167,16,126,173,23,155,674,33,12,13,79
2020-12-15,15,21,32,8,2,10,71,8,22,28,81,2,25,43,8,76,115,119,5,14,170,16,127,174,23,156,684,34,12,13,80
2020-12-16,15,22,32,8,2,10,71,8,22,28,83,2,26,43,8,77,116,119,5,15,175,16,130,176,23,159,694,35,12,13,80
2020-12-17,15,22,32,8,2,10,71,8,22,28,83,3,26,45,8,77,117,121,5,15,178,16,132,178,23,161,706,35,12,13,82
2020-12-18,16,22,32,8,2,10,72,8,22,28,84,3,26,45,8,77,118,122,5,15,180,16,134,178,23,161,714,36,12,13,84
2020-12-19,16,22,33,8,2,10,72,8,22,28,84,3,26,45,8,81,120,124,5,15,180,17,134,178,23,162,721,36,12,13,84
2020-12-20,16,23,33,8,2,10,73,8,23,28,84,3,27,46,8,81,122,125,5,15,189,17,134,178,23,163,724,36,12,13,85
2020-12-21,16,23,33,8,2,10,73,8,23,28,84,3,28,48,8,85,123,127,5,15,194,17,134,178,23,165,731,36,13,14,85
2020-12-22,16,23,33,8,2,10,73,8,24,28,84,3,28,48,8,86,124,128,5,15,198,17,134,178,23,166,735,37,13,14,85
2020-12-23,17,23,33,8,2,10,74,8,24,28,85,4,28,48,8,87,125,130,5,15,201,17,134,180,23,168,741,37,13,14,85
2020-12-24,18,24,33,8,2,10,75,8,24,28,86,4,28,48,8,88,126,133,5,15,204,17,135,180,23,170,750,37,13,14,87
2020-12-25,18,25,33,8,2,10,75,8,24,28,88,4,28,48,8,91,129,135,5,15,208,17,137,181,23,171,757,37,13,14,87
2020-12-26,18,25,33,8,2,10,78,8,24,28,89,4,28,50,8,92,130,136,5,15,209,17,139,182,24,171,759,38,13,14,88
2020-12-27,18,25,33,8,2,10,78,8,25,29,90,4,28,50,8,92,130,138,5,15,209,17,140,182,25,171,761,39,13,14,89
2020-12-28,18,25,33,8,2,10,78,8,25,29,90,4,28,50,8,93,131,138,5,16,210,17,140,183,25,173,767,39,14,14,92
2020-12-29,18,25,33,8,2,10,78,8,26,29,90,4,28,50,8,94,133,140,5,16,210,17,140,183,26,174,771,40,15,14,93
2020-12-30,18,25,34,8,3,10,78,8,26,29,92,4,28,50,8,95,133,140,5,16,210,17,140,185,26,176,777,40,15,14,93
2020-12-31,18,25,35,8,3,10,78,8,26,29,92,4,28,50,8,96,133,141,5,16,210,17,140,185,26,176,780,40,15,14,94
2021-01-01,18,26,35,8,3,10,78,8,26,29,93,4,28,50,8,96,133,141,5,16,211,17,142,186,26,176,785,41,15,14,94
2021-01-02,18,26,36,8,3,10,79,8,26,30,93,4,28,50,8,97,133,142,5,16,211,17,142,186,26,178,786,41,15,14,94
2021-01-03,18,26,36,8,3,10,79,8,26,30,93,5,29,50,8,98,133,144,5,17,213,17,145,186,27,179,790,42,17,14,94
2021-01-04,18,26,36,8,3,10,79,8,26,30,96,5,29,51,8,98,133,145,5,17,213,18,145,186,27,179,793,42,17,14,94
2021-01-05,18,26,36,8,3,10,79,8,26,31,96,5,30,51,8,100,133,145,5,17,213,18,146,187,28,180,796,42,18,14,94
2021-01-06,18,26,36,8,3,10,81,8,26,32,96,5,30,51,8,101,133,145,5,17,216,18,146,187,28,181,798,42,18,14,94
2021-01-07,18,28,37,8,3,10,81,8,26,32,96,5,30,51,9,101,133,145,6,17,216,18,147,188,29,181,801,42,18,14,94
2021-01-08,18,28,37,8,3,10,82,8,26,32,96,5,31,52,9,103,133,146,6,17,216,18,149,188,31,182,811,43,18,14,94
2021-01-09,18,28,37,8,3,10,82,8,27,32,97,6,31,52,9,103,134,147,6,17,216,18,150,188,31,182,811,43,18,14,96
2021-01-10,18,28,37,8,3,11,82,8,27,32,97,6,31,52,9,104,134,147,6,17,220,18,150,188,31,182,815,44,19,14,97
2021-01-11,18,28,37,8,3,11,82,8,27,32,98,6,32,53,9,106,136,147,6,17,220,18,150,188,32,182,819,44,19,14,97
2021-01-12,18,28,37,8,3,12,82,8,28,32,99,6,32,53,9,106,136,148,6,17,221,18,151,189,32,182,822,44,19,14,97
2021-01-13,18,28,37,8,3,12,82,10,28,32,99,6,32,53,9,107,136,148,6,17,221,18,154,189,32,183,826,47,19,14,98
2021-01-14,18,29,37,8,3,12,82,10,29,32,100,6,32,54,9,108,136,148,6,17,223,18,154,189,32,184,828,47,19,14,98
2021-01-15,18,29,37,8,3,12,82,10,29,32,102,6,32,54,9,109,137,148,6,17,224,18,154,191,32,185,834,47,19,14,98
2021-01-16,18,29,37,8,3,12,82,10,29,32,102,6,32,54,9,109,137,148,6,17,224,18,155,191,32,186,838,47,19,14,98
2021-01-17,18,29,37,9,3,12,82,10,29,32,102,6,32,54,9,109,140,148,6,18,224,18,155,191,32,186,843,47,20,14,100
2021-01-18,18,29,38,9,4,12,82,10,29,32,103,6,32,54,9,109,141,149,6,18,224,18,155,191,32,186,848,48,20,14,100
2021-01-19,18,29,38,10,4,12,82,10,29,33,103,6,33,54,10,109,141,149,6,18,227,18,155,191,32,186,852,48,21,14,101
2021-01-20,18,30,38,11,4,12,82,10,29,33,103,6,33,55,10,109,141,149,6,18,228,18,155,194,33,187,857,49,21,14,101
2021-01-21,18,30,38,11,4,12,83,10,30,33,103,6,33,56,10,111,141,149,6,18,229,18,156,194,33,187,862,50,21,15,101
2021-01-22,18,30,38,11,5,12,84,10,30,33,104,7,33,56,10,111,141,149,6,18,229,18,156,194,33,187,867,51,21,15,102
2021-01-23,18,30,38,11,5,12,84,10,30,33,104,7,33,56,10,113,141,149,6,18,230,18,157,194,33,188,868,51,21,15,102
2021-01-24,18,30,38,11,5,12,84,10,30,33,104,7,33,56,10,113,142,149,6,18,232,18,157,194,33,188,870,52,21,15,102
2021-01-25,18,30,39,11,5,12,85,10,30,33,104,7,33,57,10,114,142,149,6,18,233,18,157,205,33,189,872,54,21,15,102
2021-01-26,18,30,39,11,5,12,85,11,30,33,104,7,33,59,10,115,142,150,6,18,234,19,157,205,33,189,874,54,21,15,102
2021-01-27,18,30,40,11,5,12,85,11,30,33,104,7,33,59,10,116,142,150,6,18,235,19,158,205,33,189,879,55,21,15,102
2021-01-28,18,30,40,11,5,12,85,11,30,33,105,7,33,59,10,117,143,150,6,18,236,19,159,205,33,189,884,55,21,15,102
2021-01-29,18,30,40,11,5,13,85,11,30,33,105,7,33,59,10,119,144,150,6,18,236,19,160,205,33,189,886,55,21,15,102
2021-01-30,19,30,40,11,5,13,86,11,30,33,105,7,33,59,10,120,144,150,6,18,236,19,160,206,33,189,888,55,21,15,103
2021-01-31,19,30,40,11,5,13,86,11,30,33,106,7,33,59,10,121,144,150,6,18,236,19,162,207,33,189,894,55,21,15,103
2021-02-01,19,30,41,11,5,13,87,11,30,33,108,7,33,59,10,121,144,150,6,18,236,19,162,208,33,189,896,55,21,15,103
2021-02-02,19,30,41,11,5,14,87,12,30,34,109,7,33,59,10,121,146,150,6,19,236,19,162,208,33,189,908,56,21,15,103
2021-02-03,19,30,41,11,5,14,87,12,30,34,109,7,34,60,10,122,146,150,6,19,236,19,162,209,33,189,910,56,21,15,104
2021-02-04,20,30,41,11,5,14,87,12,30,34,110,7,34,60,10,124,146,150,6,19,236,19,162,209,33,191,911,56,21,15,105
2021-02-05,21,30,41,11,5,14,88,12,30,35,111,7,35,60,10,124,147,150,6,19,236,19,162,209,33,191,913,56,21,15,105
2021-02-06,21,30,43,11,5,14,88,12,31,35,111,7,35,60,10,124,147,151,6,19,236,20,163,209,33,191,914,57,21,15,105
2021-02-07,21,30,43,11,5,14,88,12,31,36,112,7,35,60,10,125,148,151,6,19,238,20,164,211,33,192,924,58,22,15,105
2021-02-08,21,30,44,11,5,14,88,12,31,36,113,7,35,60,10,126,148,151,6,19,239,20,164,211,33,192,928,58,22,15,106
2021-02-09,21,30,44,11,5,15,88,13,31,36,113,7,35,60,10,126,148,151,6,19,239,20,164,211,33,193,928,59,22,15,106
2021-02-10,21,30,44,11,5,15,88,13,31,36,113,7,35,60,10,127,150,151,6,19,239,20,164,211,33,193,931,60,22,15,106
2021-02-11,21,30,44,11,5,15,88,13,31,36,113,7,35,60,10,127,150,151,7,19,239,20,165,211,34,193,933,60,22,15,106
2021-02-12,21,30,44,11,5,15,89,13,31,36,113,7,35,60,10,127,152,151,7,19,239,20,166,211,34,193,934,60,22,15,106
2021-02-13,21,30,44,11,5,15,89,13,31,36,113,7,35,60,10,127,153,152,7,19,239,20,169,211,34,195,940,60,22,15,106
2021-02-14,21,30,44,11,5,15,89,13,31,36,113,7,35,60,10,128,153,152,7,19,242,20,169,213,34,196,942,60,22,15,106
2021-02-15,21,30,44,11,5,15,89,13,31,36,113,7,35,60,10,128,153,152,7,19,243,20,169,213,34,196,945,61,22,15,106
2021-02-16,21,30,44,11,5,15,89,13,31,36,113,7,35,60,10,128,153,152,7,19,244,20,169,213,34,197,949,61,22,15,107
2021-02-17,21,30,44,11,5,15,89,13,31,36,113,7,35,60,10,128,153,152,7,19,245,20,170,213,34,198,954,61,22,15,107
2021-02-18,21,30,44,11,5,15,89,13,32,36,113,7,35,61,10,129,153,152,7,19,246,20,170,215,34,199,965,61,22,15,108
2021-02-19,21,31,44,11,5,15,89,13,32,36,113,7,35,61,10,130,153,152,7,19,247,20,170,216,34,200,968,62,22,15,109
2021-02-20,21,31,45,11,5,15,89,13,33,36,113,7,35,61,10,133,154,152,7,19,252,20,170,216,35,201,970,62,23,15,109
2021-02-21,21,31,45,11,5,15,89,13,34,36,113,7,35,61,10,134,154,152,7,19,253,20,170,217,35,202,975,64,24,15,109
2021-02-22,21,32,46,11,5,15,89,13,34,36,113,7,35,61,10,135,154,152,8,19,253,20,170,217,35,203,979,64,24,15,109
2021-02-23,21,32,46,11,5,16,89,13,34,36,113,7,35,61,10,135,154,153,8,19,254,20,170,218,35,207,983,64,24,15,110
2021-02-24,21,32,46,11,5,17,90,13,34,36,113,7,35,61,10,136,154,153,8,19,257,20,170,218,36,207,989,64,24,15,110
2021-02-25,21,32,46,11,5,17,90,13,35,36,113,8,35,61,10,137,154,153,8,19,258,21,170,218,36,207,991,65,24,15,110
2021-02-26,21,33,47,11,5,17,90,13,35,36,114,8,35,61,10,137,154,153,8,19,259,21,170,219,36,207,993,65,24,15,110
2021-02-27,21,33,47,11,5,17,90,13,37,36,114,8,35,61,10,137,154,154,8,19,262,21,170,219,36,208,997,65,24,15,110
2021-02-28,21,33,47,11,5,18,90,13,37,36,114,8,35,62,10,137,154,154,8,21,263,21,171,220,36,208,999,65,24,15,110
2021-03-01,21,33,47,11,5,18,90,13,37,36,114,8,35,64,10,137,154,155,8,21,263,21,172,220,37,208,1001,65,25,15,111
2021-03-02,21,33,47,11,5,18,91,13,37,36,114,9,35,64,10,137,154,155,8,22,263,21,172,220,37,208,1005,65,25,15,112
2021-03-03,21,33,47,11,5,18,91,13,37,36,114,10,35,64,10,137,154,155,8,22,264,21,172,220,38,209,1008,65,25,15,113
2021-03-04,21,33,47,11,5,18,91,13,37,36,114,11,35,64,10,137,154,155,8,22,264,21,172,220,39,209,1013,67,26,15,113
2021-03-05,21,33,47,11,5,19,91,13,37,36,115,11,35,65,10,137,154,156,8,22,264,21,172,220,39,209,1017,67,26,15,113
2021-03-06,21,33,48,11,5,19,92,13,37,36,115,11,35,65,10,138,154,156,8,22,264,21,172,220,39,210,1020,69,26,15,114
2021-03-07,21,33,48,11,5,19,93,13,37,36,115,11,35,65,10,139,154,157,8,24,266,21,172,220,39,210,1024,69,26,15,114
2021-03-08,21,34,49,11,5,19,93,13,39,36,116,11,35,66,10,139,154,157,8,24,270,21,172,221,39,210,1033,69,26,15,115
2021-03-09,21,34,49,11,5,19,93,13,40,36,116,11,35,66,10,139,155,157,8,25,277,21,173,221,39,210,1038,69,26,15,115
2021-03-10,24,34,50,11,5,19,93,13,43,36,116,11,35,66,10,139,155,157,8,26,279,21,173,221,39,212,1043,69,29,15,117
2021-03-11,24,34,50,11,5,19,93,13,43,36,116,11,35,66,10,140,155,158,8,26,280,21,173,222,39,213,1048,70,30,15,117
2021-03-12,24,34,52,11,5,19,93,13,43,36,116,11,35,66,10,140,155,159,8,26,281,21,175,222,39,215,1057,72,30,15,118
2021-03-13,25,34,52,11,5,19,93,13,43,36,117,11,35,66,10,141,155,159,8,26,281,21,175,222,39,217,1068,74,31,15,118
2021-03-14,25,34,53,11,5,20,94,13,44,36,118,11,35,66,10,143,156,159,8,26,283,21,175,223,39,218,1076,74,32,15,118
2021-03-15,25,34,55,11,5,20,95,13,46,36,118,11,37,66,10,143,156,160,8,26,288,21,177,223,39,219,1080,77,33,15,118
2021-03-16,26,34,56,11,6,20,95,13,47,37,118,11,37,66,10,143,156,161,8,26,290,21,177,223,39,220,1094,77,34,15,118
2021-03-17,26,34,58,11,6,20,95,13,47,37,118,11,37,66,10,143,156,162,8,27,292,21,177,225,39,221,1100,77,34,15,118
2021-03-18,26,34,58,11,6,20,95,13,49,37,119,11,37,66,10,145,158,162,8,27,294,22,178,225,39,222,1106,77,34,15,121
2021-03-19,26,34,59,11,6,20,95,13,51,38,119,11,37,67,10,145,158,162,8,27,298,23,178,226,39,222,1113,82,34,15,122
2021-03-20,26,34,60,12,6,21,96,13,52,38,119,12,37,67,10,146,159,162,8,27,300,23,180,229,40,222,1118,84,35,15,123
2021-03-21,26,34,62,12,6,21,96,13,52,39,119,12,37,67,10,149,160,165,8,27,306,23,180,230,40,223,1126,84,38,15,124
2021-03-22,26,34,63,12,6,21,96,13,52,39,119,12,37,67,10,150,161,169,8,27,310,23,181,231,40,224,1133,87,38,15,125
2021-03-23,26,34,64,12,6,21,97,14,52,40,119,12,37,68,10,151,161,169,8,27,312,23,181,231,40,225,1141,87,38,15,125
2021-03-24,26,34,65,12,6,21,97,14,52,40,122,13,37,68,10,154,163,170,8,29,313,23,181,232,40,227,1149,88,39,15,127
2021-03-25,26,34,65,13,6,21,97,14,52,40,123,14,37,68,10,155,164,172,8,30,315,25,182,235,41,228,1161,91,39,15,127
2021-03-26,26,34,67,13,6,21,97,14,53,40,126,14,37,68,10,155,164,176,8,30,317,25,183,236,42,229,1177,92,40,15,128
2021-03-27,27,34,68,13,6,21,97,14,54,40,126,14,37,69,10,156,164,178,8,30,321,25,185,237,42,233,1185,95,42,15,130
2021-03-28,28,34,69,13,6,21,98,15,55,40,127,14,38,69,10,156,165,178,8,30,326,25,186,237,42,236,1201,95,45,15,135
2021-03-29,28,34,69,13,6,21,98,17,55,40,128,15,38,71,10,158,165,179,8,31,328,25,186,239,43,238,1213,96,46,15,137
2021-03-30,28,35,69,13,6,21,100,17,56,40,130,15,38,71,10,159,166,179,8,31,330,25,188,239,43,240,1226,98,48,15,138
2021-03-31,28,35,70,13,6,21,102,17,56,41,131,15,38,72,10,159,166,182,9,31,332,26,190,239,43,241,1236,100,49,15,138
2021-04-01,28,35,72,13,6,21,105,17,56,41,133,15,38,76,10,160,167,185,9,31,334,27,191,240,45,244,1255,101,50,15,140
2021-04-02,28,35,74,13,6,21,106,18,57,42,135,16,38,78,10,160,167,187,10,31,338,28,194,243,45,246,1270,102,51,15,141
2021-04-03,28,35,75,13,6,21,106,19,59,43,135,16,38,80,10,164,167,193,10,31,338,28,195,243,45,248,1282,102,53,15,142
2021-04-04,28,35,75,13,6,21,106,21,62,43,137,17,39,81,10,165,167,194,10,31,344,28,195,246,46,250,1291,104,54,16,142
2021-04-05,28,35,77,13,6,22,107,22,64,43,139,17,40,82,10,167,167,198,10,31,344,29,197,246,46,251,1311,105,54,17,144
2021-04-06,28,36,80,13,6,22,107,23,65,44,144,18,40,82,10,169,167,199,10,31,349,29,199,248,46,254,1331,107,55,17,144
2021-04-07,28,36,80,13,6,22,111,23,66,45,147,18,40,83,10,170,167,201,10,31,351,30,200,248,48,255,1338,111,56,18,146
2021-04-08,28,36,83,13,6,22,113,24,66,45,150,18,40,83,10,172,167,203,10,31,354,30,202,249,49,259,1353,113,56,18,147
2021-04-09,29,36,83,13,6,22,114,26,68,45,150,18,40,83,10,173,167,204,10,31,356,30,204,251,50,261,1363,115,57,19,148
2021-04-10,29,37,83,14,6,22,116,28,68,47,153,18,40,83,11,174,168,210,10,31,359,30,204,255,50,264,1376,116,58,19,149
2021-04-11,29,37,85,14,6,22,118,28,68,47,153,18,40,85,11,175,168,212,10,31,364,30,204,255,50,266,1391,116,59,20,150
2021-04-12,29,37,85,14,6,22,118,28,68,47,154,18,40,86,11,178,168,215,10,31,365,30,205,257,50,268,1403,116,59,20,151
2021-04-13,30,38,86,14,6,22,119,28,70,48,154,18,40,86,11,180,169,218,10,31,367,30,205,260,50,270,1414,117,60,20,151
2021-04-14,30,38,87,14,6,22,121,28,70,48,156,18,40,87,11,181,171,221,10,31,370,30,206,260,52,276,1421,119,60,20,153
2021-04-15,30,38,87,14,6,22,121,28,70,48,156,18,40,91,12,183,172,224,10,31,374,30,206,262,52,276,1432,120,60,21,154
2021-04-16,30,38,87,15,6,23,121,29,70,49,156,18,41,91,12,186,172,225,10,31,376,31,207,263,52,279,1444,121,60,22,154
2021-04-17,30,38,87,15,6,24,121,29,70,50,157,18,41,91,12,187,173,231,10,31,376,31,207,263,53,282,1451,122,60,23,154
2021-04-18,30,38,88,15,6,24,123,31,70,50,159,18,41,92,12,188,174,234,10,31,378,31,208,263,53,285,1465,122,61,23,155
2021-04-19,30,38,90,15,6,24,124,31,72,50,160,18,42,93,12,189,175,238,10,31,379,31,209,264,53,288,1473,124,61,23,156
2021-04-20,33,38,91,15,6,24,125,31,72,52,161,18,42,94,12,191,177,240,10,31,381,31,209,266,53,290,1495,126,62,23,157
2021-04-21,33,38,92,15,6,25,126,31,72,52,164,18,42,94,12,194,177,241,10,31,383,31,209,269,53,292,1513,129,62,23,158
2021-04-22,33,38,92,15,6,25,127,31,72,52,164,18,42,94,12,197,177,242,11,31,388,31,210,271,53,294,1528,130,62,24,158
2021-04-23,33,39,94,15,6,26,128,31,72,52,164,18,42,94,12,198,177,244,11,31,390,32,211,271,53,294,1536,131,62,25,158
2021-04-24,33,39,95,15,6,26,128,31,72,52,166,18,43,94,12,198,178,249,12,31,390,32,211,272,55,296,1544,132,62,26,159
2021-04-25,33,40,95,15,6,26,128,31,72,52,167,19,43,94,12,203,179,253,12,31,392,32,211,275,55,299,1555,136,62,26,160
2021-04-26,33,40,97,15,6,26,128,31,74,52,169,19,43,95,12,206,180,257,12,31,393,32,211,275,56,300,1564,136,63,26,160
2021-04-27,34,41,99,15,6,27,128,31,75,52,175,19,43,97,12,207,180,258,12,31,395,32,212,275,56,300,1572,137,65,26,160
2021-04-28,35,41,102,15,6,27,131,31,76,53,177,19,43,97,13,208,180,261,13,31,397,33,214,276,56,302,1587,138,67,26,163
2021-04-29,35,41,104,15,6,27,134,31,76,53,185,19,43,97,13,208,180,265,13,31,398,33,214,279,56,304,1598,140,67,27,163
2021-04-30,35,41,105,15,6,27,134,31,78,53,187,19,43,98,13,209,181,270,13,31,399,33,216,281,56,307,1609,142,67,27,165
2021-05-01,36,41,106,15,6,27,134,31,79,54,188,19,43,98,13,212,183,273,13,31,404,33,219,283,56,311,1623,142,68,29,166
2021-05-02,36,41,107,15,6,28,135,31,79,54,190,19,43,98,13,213,183,274,14,31,405,33,219,285,56,312,1633,144,68,29,167
2021-05-03,38,41,108,15,6,29,135,32,79,55,190,19,43,98,13,215,185,276,14,31,406,33,219,289,56,313,1642,145,68,29,170
2021-05-04,38,41,109,15,6,29,136,32,79,55,192,19,43,98,13,216,186,280,14,31,408,33,220,290,56,315,1650,145,68,29,170
2021-05-05,39,42,110,15,6,29,137,32,79,56,193,20,43,99,13,217,186,280,14,31,410,34,222,290,56,317,1658,146,68,29,171
2021-05-06,39,42,111,15,6,29,139,33,79,56,194,20,43,100,13,218,187,280,14,31,411,34,224,292,56,318,1668,146,68,30,171
2021-05-07,39,42,111,15,6,29,139,34,79,56,194,20,43,100,13,218,187,280,14,32,411,34,226,292,56,319,1674,147,68,30,171
2021-05-08,39,42,111,15,6,29,139,34,79,56,195,20,43,101,13,218,187,281,14,32,411,34,226,292,57,322,1681,147,68,30,171
2021-05-09,39,43,111,15,6,29,139,34,79,57,195,20,43,102,13,219,187,282,14,32,411,34,227,294,57,323,1687,148,68,30,171
2021-05-10,39,43,113,15,6,29,140,35,80,57,197,20,44,103,13,220,187,285,14,32,411,34,228,296,57,324,1695,148,68,30,172
2021-05-11,39,43,114,15,6,29,141,35,82,58,198,20,44,103,13,220,188,285,14,32,411,34,229,296,57,325,1701,148,68,30,173
2021-05-12,39,43,116,15,6,29,141,36,82,59,199,20,44,103,13,221,188,287,14,32,412,34,230,298,57,328,1703,148,68,30,173
2021-05-13,39,43,116,15,6,29,141,36,82,59,200,20,44,103,13,222,189,289,14,32,412,35,231,298,57,329,1711,148,68,30,173
2021-05-14,39,43,117,15,6,29,141,36,82,59,200,20,44,103,13,223,191,291,14,32,412,35,232,299,57,330,1714,149,68,30,173
2021-05-15,39,43,117,15,6,29,141,36,82,59,200,20,44,104,13,223,191,292,14,32,412,35,234,302,57,331,1720,149,68,30,173
2021-05-16,39,43,117,15,6,29,141,37,83,59,200,20,44,104,13,224,191,292,14,32,414,37,235,305,57,331,1727,149,68,30,174
2021-05-17,39,43,117,15,6,29,141,37,83,59,200,20,44,104,13,224,191,292,14,32,414,37,235,305,57,331,1728,150,68,30,174
2021-05-18,39,43,117,15,6,29,142,37,84,59,201,20,44,105,13,224,191,292,14,32,415,38,236,308,57,333,1733,150,68,30,174
2021-05-19,39,44,118,15,6,29,142,38,84,59,202,20,44,105,13,224,192,292,14,32,416,38,236,312,57,336,1734,150,69,30,175
2021-05-20,39,44,118,15,6,29,143,38,85,59,202,21,44,105,13,224,192,293,14,32,416,38,236,313,57,337,1741,151,69,30,176
2021-05-21,39,45,118,15,6,29,143,38,85,59,202,21,44,105,13,224,192,294,14,32,418,38,237,314,57,339,1748,151,70,30,176
2021-05-22,39,45,118,15,6,29,144,38,85,59,202,21,44,105,13,224,193,297,14,32,420,38,238,316,57,341,1750,151,70,30,177
2021-05-23,39,46,118,15,6,29,144,39,85,59,202,21,45,105,13,224,193,297,14,32,422,38,241,319,57,341,1757,151,70,30,177
2021-05-24,39,46,119,15,6,29,144,39,86,59,203,22,45,105,13,224,193,297,14,32,423,38,244,320,57,341,1760,152,70,30,177
2021-05-25,39,46,119,15,6,29,144,39,86,59,203,22,45,107,13,224,193,297,14,32,423,38,246,321,57,342,1768,152,70,30,177
2021-05-26,39,46,119,15,6,29,144,39,86,59,206,22,45,107,13,224,194,299,14,32,423,38,247,322,57,342,1773,152,70,30,177
