day,date,phase,tests.performed.todate,tests.performed,tests.positive.todate,tests.positive,tests.regular.performed.todate,tests.regular.performed,tests.regular.positive.todate,tests.regular.positive,tests.ns-apr20.performed.todate,tests.ns-apr20.performed,tests.ns-apr20.positive.todate,tests.ns-apr20.positive,cases.confirmed.todate,cases.confirmed,cases.active,cases.recovered.todate,cases.closed.todate,cases.hs.employee.confirmed.todate,cases.rh.employee.confirmed.todate,cases.rh.occupant.confirmed.todate,cases.unclassified.confirmed.todate,state.in_hospital,state.icu,state.critical,state.in_hospital.todate,state.out_of_hospital.todate,state.deceased.todate,state.recovered.todate,region.lj.todate,region.ce.todate,region.ms.todate,region.nm.todate,region.mb.todate,region.kr.todate,region.sg.todate,region.po.todate,region.za.todate,region.kp.todate,region.ng.todate,region.kk.todate,region.foreign.todate,region.todate,age.0-4.todate,age.5-14.todate,age.15-24.todate,age.25-34.todate,age.35-44.todate,age.45-54.todate,age.55-64.todate,age.65-74.todate,age.75-84.todate,age.85+.todate,age.todate,age.female.0-4.todate,age.female.5-14.todate,age.female.15-24.todate,age.female.25-34.todate,age.female.35-44.todate,age.female.45-54.todate,age.female.55-64.todate,age.female.65-74.todate,age.female.75-84.todate,age.female.85+.todate,age.female.todate,age.male.0-4.todate,age.male.5-14.todate,age.male.15-24.todate,age.male.25-34.todate,age.male.35-44.todate,age.male.45-54.todate,age.male.55-64.todate,age.male.65-74.todate,age.male.75-84.todate,age.male.85+.todate,age.male.todate,deceased.0-4.todate,deceased.5-14.todate,deceased.15-24.todate,deceased.25-34.todate,deceased.35-44.todate,deceased.45-54.todate,deceased.55-64.todate,deceased.65-74.todate,deceased.75-84.todate,deceased.85+.todate,deceased.todate,deceased.female.0-4.todate,deceased.female.5-14.todate,deceased.female.15-24.todate,deceased.female.25-34.todate,deceased.female.35-44.todate,deceased.female.45-54.todate,deceased.female.55-64.todate,deceased.female.65-74.todate,deceased.female.75-84.todate,deceased.female.85+.todate,deceased.female.todate,deceased.male.0-4.todate,deceased.male.5-14.todate,deceased.male.15-24.todate,deceased.male.25-34.todate,deceased.male.35-44.todate,deceased.male.45-54.todate,deceased.male.55-64.todate,deceased.male.65-74.todate,deceased.male.75-84.todate,deceased.male.85+.todate,deceased.male.todate
-2,2020-02-24,F0,,,,,,,,,,,,,,,,,,,,,,,,,,,,,,,,,,,,,,,,,,,,,,,,,,,,,,,,,,,,,,,,,,,,,,,,,,,,,,,,,,,,,,,,,,,,,,,,,,,,,,,,,,,,
-1,2020-02-25,F0,,,,,,,,,,,,,,,,,,,,,,,,,,,,,,,,,,,,,,,,,,,,,,,,,,,,,,,,,,,,,,,,,,,,,,,,,,,,,,,,,,,,,,,,,,,,,,,,,,,,,,,,,,,,
0,2020-02-26,F0,1,1,1,1,1,1,1,1,,,,,1,1,1,0,0,,,,,,,,,,0,,,,,,,,,,,,,,,,,,,,,,,,,,,,,,,,,,,,,,,,,,,,,,,,,,,,,,,,,,,,,,,,,,,,,,,,,,,,,,,,,
1,2020-02-27,F0,1,0,1,0,1,0,1,0,,,,,1,0,1,0,0,,,,,,,,,,0,,,,,,,,,,,,,,,,,,,,,,,,,,,,,,,,,,,,,,,,,,,,,,,,,,,,,,,,,,,,,,,,,,,,,,,,,,,,,,,,,
2,2020-02-28,F0,1,0,1,0,1,0,1,0,,,,,1,0,1,0,0,,,,,,,,,,0,,,,,,,,,,,,,,,,,,,,,,,,,,,,,,,,,,,,,,,,,,,,,,,,,,,,,,,,,,,,,,,,,,,,,,,,,,,,,,,,,
3,2020-02-29,F0,1,0,1,0,1,0,1,0,,,,,1,0,1,0,0,,,,,,,,,,0,,,,,,,,,,,,,,,,,,,,,,,,,,,,,,,,,,,,,,,,,,,,,,,,,,,,,,,,,,,,,,,,,,,,,,,,,,,,,,,,,
4,2020-03-01,F0,2,1,1,0,2,1,1,0,,,,,1,0,1,0,0,,,,,,,,,,0,,,,,,,,,,,,,,,,,,,,,,,,,,,,,,,,,,,,,,,,,,,,,,,,,,,,,,,,,,,,,,,,,,,,,,,,,,,,,,,,,
5,2020-03-02,F0,2,0,1,0,2,0,1,0,,,,,1,0,1,0,0,,,,,,,,,,0,,,,,,,,,,,,,,,,,,,,,,,,,,,,,,,,,,,,,,,,,,,,,,,,,,,,,,,,,,,,,,,,,,,,,,,,,,,,,,,,,
6,2020-03-03,F0,5,3,1,0,5,3,1,0,,,,,1,0,1,0,0,,,,,,,,,,0,,,,,,,,,,,,,,,,,,,,,,,,,,,,,,,,,,,,,,,,,,,,,,,,,,,,,,,,,,,,,,,,,,,,,,,,,,,,,,,,,
7,2020-03-04,F1,5,0,1,0,5,0,1,0,,,,,1,0,1,0,0,,,,1,,,,,,0,,,,,,,,,,,,,,,,,,,,,,1,,,,1,,,,,,,,,,,0,,,,,,,1,,,,1,,,,,,,,,,,,,,,,,,,,,,,,,,,,,,,,,
8,2020-03-05,F1,5,0,1,0,5,0,1,0,,,,,1,0,1,0,0,,,,1,,,,,,0,,,,,,,,,,,,,,,,,,,2,1,1,1,1,,,6,,,,,,1,,,,,1,,,,2,1,,1,1,,,5,,,,,,,,,,,,,,,,,,,,,,,,,,,,,,,,,
9,2020-03-06,F1,7,2,2,1,7,2,2,1,,,,,2,1,2,0,0,,,,2,,,,,,0,,,,,,,,,,,,,,,,,,,3,1,2,3,1,,,10,,,,1,,1,,,,,2,,,,2,1,1,3,1,,,8,,,,,,,,,,,,,,,,,,,,,,,,,,,,,,,,,
10,2020-03-07,F1,7,0,2,0,7,0,2,0,,,,,2,0,2,0,0,,,,2,,,,,,0,,,,,,,,,,,,,,,,,,,7,1,2,4,2,,,16,,,,3,,1,1,1,,,6,,,,4,1,1,3,1,,,10,,,,,,,,,,,,,,,,,,,,,,,,,,,,,,,,,
11,2020-03-08,F1,7,0,2,0,7,0,2,0,,,,,2,0,2,0,0,,,,2,,,,,,0,,,,,,,,,,,,,,,,,,,7,1,3,6,3,,,20,,,,3,,2,2,1,,,8,,,,4,1,1,4,2,,,12,,,,,,,,,,,,,,,,,,,,,,,,,,,,,,,,,
12,2020-03-09,F1,15,8,7,5,15,8,7,5,,,,,7,5,7,0,0,,,,7,,,,,,0,,,,,,,,,,,,,,,,,,1,10,2,3,9,5,,1,31,,,,5,1,2,4,1,,1,14,,,1,5,1,1,5,4,,,17,,,,,,,,,,,,,,,,,,,,,,,,,,,,,,,,,
13,2020-03-10,F1,15,0,7,0,15,0,7,0,,,,,7,0,7,0,0,,,,7,,,,,,0,,,,,,,,,,,,,,,,,,2,14,3,6,16,6,,2,49,,,1,8,1,4,9,1,,1,25,,,1,6,2,2,7,5,,1,24,,,,,,,,,,,,,,,,,,,,,,,,,,,,,,,,,
14,2020-03-11,F1,27,12,9,2,27,12,9,2,,,,,9,2,9,0,0,,,,9,,,,,0,0,,,,,,,,,,,,,,,,,1,4,24,10,10,21,8,1,3,82,,,2,14,5,5,12,2,1,1,42,,1,2,10,5,5,9,6,,2,40,,,,,,,,,,,,,,,,,,,,,,,,,,,,,,,,,
15,2020-03-12,F1,36,9,9,0,36,9,9,0,,,,,9,0,9,0,0,,,,9,,,,,0,0,,,,,,,,,,,,,,,,,7,9,37,16,17,31,8,1,5,131,,2,4,18,7,9,16,2,1,2,61,,5,5,19,9,8,15,6,,3,70,,,,,,,,,,,,,,,,,,,,,,,,,,,,,,,,,
16,2020-03-13,F1,46,10,13,4,46,10,13,4,,,,,13,4,12,1,1,,,,13,,,,,0,0,,,,,,,,,,,,,,,,,12,13,42,25,29,36,12,3,7,179,,7,5,21,14,14,21,2,1,4,89,,5,8,21,11,15,15,10,2,3,90,,,,,,,,,,,,,,,,,,,,,,,,,,,,,,,,,
17,2020-03-14,F2,58,12,19,6,58,12,19,6,,,,,19,6,18,1,1,,,,19,,,,,0,0,,,,,,,,,,,,,,,,,16,17,50,35,33,39,14,4,7,215,,9,7,25,21,15,23,2,1,4,107,,7,10,25,14,18,16,12,3,3,108,,,,,,,,,,,,,,,,,,,,,,,,,,,,,,,,,
18,2020-03-15,F2,65,7,19,0,65,7,19,0,,,,,19,0,18,1,1,,,,19,,,,,0,0,,,,,,,,,,,,,,,,,17,20,57,44,41,45,15,4,7,250,,9,9,27,25,20,23,3,1,4,121,,8,11,30,19,21,22,12,3,3,129,,,,,,,,,,,0,,,,,,,,,,,,,,,,,,,,,,
19,2020-03-16,F2,82,17,24,5,82,17,24,5,,,,,24,5,23,1,1,,,,24,,,,,0,0,,,,,,,,,,,,,,,,,18,22,64,48,46,53,15,4,7,277,,9,11,29,26,22,28,3,1,4,133,,9,11,35,22,24,25,12,3,3,144,,,,,,,,,,,,,,,,,,,,,,,,,,,,,,,,,
20,2020-03-17,F2,102,20,36,12,102,20,36,12,,,,,36,12,35,1,1,6,,,30,,,,17,0,0,,,,,,,,,,,,,,,,1,18,23,66,50,49,54,15,4,7,287,,9,11,30,27,24,29,3,1,4,138,1,9,12,36,23,25,25,12,3,3,149,,,,,,,,,,,,,,,,,,,,,,,,,,,,,,,,,
21,2020-03-18,F2,162,60,48,12,162,60,48,12,,,,,48,12,47,1,1,6,,,42,,,,19,0,0,,,,,,,,,,,,,,,,1,18,25,72,55,57,55,18,8,10,319,,9,12,34,29,28,30,5,4,7,158,1,9,13,38,26,29,25,13,4,3,161,,,,,,,,,,,,,,,,,,,,,,,,,,,,,,,,,
22,2020-03-19,F2,233,71,67,19,233,71,67,19,,,,,67,19,66,1,1,6,,,61,,,,21,0,0,,,,,,,,,,,,,,,,1,18,26,77,57,60,58,20,12,13,342,,9,12,37,31,28,30,6,6,8,167,1,9,14,40,26,32,28,14,6,5,175,,,,,,,,,,,,,,,,,,,,,,,,,,,,,,,,,
23,2020-03-20,F2,323,90,85,18,323,90,85,18,,,,,85,18,84,1,1,6,,,79,,,,23,0,0,,,,,,,,,,,,,,,,1,18,27,83,60,67,62,24,13,13,368,,9,12,38,32,34,32,8,6,8,179,1,9,15,45,28,33,30,16,7,5,189,,,,,,,,,,,,,,,,,,,,,,,,,,,,,,,,,
24,2020-03-21,F2,476,153,114,29,476,153,114,29,,,,,114,29,113,1,1,7,,,107,,,,25,0,0,,,,,,,,,,,,,,,,1,19,28,87,67,74,65,29,18,18,406,,9,13,39,35,37,33,10,9,13,198,1,10,15,48,32,37,32,19,9,5,208,,,,,,,,,,,,,,,,,,,,,,,,,,,,,,,,,
25,2020-03-22,F2,591,115,136,22,591,115,136,22,,,,,136,22,133,1,3,9,,,127,,,,28,0,2,,,,,,,,,,,,,,,,1,19,29,92,71,82,74,31,21,21,441,,9,14,43,37,41,37,11,11,16,219,1,10,15,49,34,41,37,20,10,5,222,,,,,,,,,,,,,,,,,,,,,,,,,,,,,,,,,
26,2020-03-23,F2,823,232,148,12,823,232,148,12,,,,,148,12,145,1,3,12,,,136,,,,32,0,2,,,,,,,,,,,,,,,,2,19,30,95,73,91,80,35,26,26,477,1,9,15,45,38,47,39,12,13,20,239,1,10,15,50,35,44,41,23,13,6,238,,,,,,,,,,,,,,,,,,,,,,,,,,,,,,,,,
27,2020-03-24,F3,1080,257,177,29,1080,257,177,29,,,,,177,29,174,1,3,17,,,160,,,,43,0,2,,,,,,,,,,,,,,,,2,19,31,100,82,100,91,41,30,29,525,1,9,16,48,43,55,45,16,15,22,270,1,10,15,52,39,45,46,25,15,7,255,,,,,,,,,,,,,,,,,,,,,,,,,,,,,,,,,
28,2020-03-25,F3,1420,340,201,24,1420,340,201,24,,,,,201,24,197,1,4,20,,,181,,,,44,0,3,,,,,,,,,,,,,,,,2,19,34,102,90,108,101,51,32,32,571,1,9,19,50,46,60,48,20,15,24,292,1,10,15,52,44,48,53,31,17,8,279,,,,,,,,,,,,,,,,,,,,,,,,,,,,,,,,,
29,2020-03-26,F3,1789,369,219,18,1789,369,219,18,,,,,219,18,213,3,6,21,,,198,,,,48,0,3,,,,,,,,,1,,,,,,1,2,19,35,105,97,114,111,60,43,46,632,1,9,20,51,50,63,53,23,22,32,324,1,10,15,54,47,51,58,37,21,14,308,,,,,,,,,,,,,,,,,,,,,,,,,,,,,,,,,
30,2020-03-27,F3,2195,406,241,22,2195,406,241,22,,,,,241,22,234,3,7,23,,,218,,,,53,0,4,,,,,,,,,1,,,,,,1,2,19,37,107,106,125,121,68,48,51,684,1,9,21,53,56,69,58,26,24,35,352,1,10,16,54,50,56,63,42,24,16,332,,,,,,,,,,,,,,,,,,,,,,,,,,,,,,,,,
31,2020-03-28,F3,2423,228,259,18,2423,228,259,18,,,,,259,18,252,3,7,27,,,232,,,,62,0,4,,,,,,,,,1,,,,,,1,2,19,44,110,109,131,130,72,54,59,730,1,9,23,54,58,73,60,29,28,40,375,1,10,21,56,51,58,70,43,26,19,355,,,,,,,,,,,,,,,,,,,,,,,,,,,,,,,,,
32,2020-03-29,F3,2675,252,285,26,2675,252,285,26,,,,,285,26,266,12,19,32,,,253,,,,67,0,7,,,,,,,,,1,,,,,,1,2,20,44,111,111,135,133,76,61,63,756,1,9,23,55,58,75,62,31,32,43,389,1,11,21,56,53,60,71,45,29,20,367,,,,,,,,,,,,,,,,,,,,,,,,,,,,,,,,,
33,2020-03-30,F3,3067,392,329,44,3067,392,329,44,,,,,329,44,308,12,21,35,,,294,,,,80,0,9,,,,,,,,,1,,,,,,1,2,20,45,116,114,143,139,81,69,73,802,1,9,24,59,61,81,64,32,36,48,415,1,11,21,57,53,62,75,49,33,25,387,,,,,,,,,,,,,,,,,,,,,,,,,,,,,,,,,
34,2020-03-31,F3,3324,257,354,25,3324,257,354,25,,,,,354,25,326,17,28,38,,,316,,,,86,0,11,,,,,,,,,1,,,,,,1,2,21,47,119,120,151,146,87,73,75,841,1,10,26,62,66,82,69,34,40,50,440,1,11,21,57,54,69,77,53,33,25,401,,,,,,,,,,,,,,,,,,,,,,,,,,,,,,,,,
35,2020-04-01,F3,3666,342,384,30,3666,342,384,30,,,,,384,30,356,17,28,41,,,343,,,,90,0,11,,,,,,,,,1,,,,,,1,3,21,50,125,123,158,152,90,88,87,897,1,10,26,66,69,85,71,34,48,61,471,2,11,24,59,54,73,81,56,40,26,426,,,,,,,,,,,,,,,,,,,,,,,,,,,,,,,,,
36,2020-04-02,F3,4055,389,430,46,4055,389,430,46,,,,,430,46,399,19,31,52,,,378,,,,98,0,12,,,,,,,,,2,,,,,,2,3,21,51,128,126,163,159,94,95,94,934,1,10,26,68,72,88,74,37,52,67,495,2,11,25,60,54,75,85,57,43,27,439,,,,,,,,,,,,,,,,,,,,,,,,,,,,,,,,,
37,2020-04-03,F3,4469,414,483,53,4469,414,483,53,,,,,483,53,447,19,36,57,,,426,,,,103,0,17,,,,,,,,,3,,,,,,3,3,21,58,134,131,168,163,98,102,99,977,1,10,32,71,76,91,75,39,57,72,524,2,11,26,63,55,77,88,59,45,27,453,,,,,,,,,,,,,,,,,,,,,,,,,,,,,,,,,
38,2020-04-04,F3,4840,371,555,72,4840,371,555,72,,,,,555,72,513,24,42,60,,,495,,,,128,0,18,,,,,,,,,5,,,,,,5,4,21,59,137,134,172,168,100,102,100,997,2,10,32,72,77,94,77,41,57,73,535,2,11,27,65,57,78,91,59,45,27,462,,,,,,,,,,,,,,,,,,,,,,,,,,,,,,,,,
39,2020-04-05,F3,5042,202,570,15,5042,202,570,15,,,,,570,15,520,29,50,63,,,507,,,,131,0,21,,,,,,,,,6,,,,,,6,4,21,59,139,138,175,171,102,104,108,1021,2,10,32,73,80,97,78,43,58,80,553,2,11,27,66,58,78,93,59,46,28,468,,,,,,,,,,,,,,,,,,,,,,,,,,,,,,,,,
40,2020-04-06,F3,5428,386,599,29,5428,386,599,29,,,,,599,29,543,29,56,69,,,530,,,,134,0,27,,,,,,,,,7,,,,,,7,4,21,60,145,141,182,173,106,108,115,1055,2,10,32,76,82,102,80,46,60,86,576,2,11,28,69,59,80,93,60,48,29,479,,,,,,,,,,,,,,,,,,,,,,,,,,,,,,,,,
41,2020-04-07,F3,5779,351,617,18,5779,351,617,18,,,,,617,18,551,37,66,72,,,545,,,,140,0,29,,,,,,,,,9,,,,,,9,5,21,63,151,143,192,177,110,112,117,1091,3,10,33,80,83,108,81,49,62,87,596,2,11,30,71,60,84,96,61,50,30,495,,,,,,,,,,,,,,,,,,,,,,,,,,,,,,,,,
42,2020-04-08,F4,6120,341,663,46,6120,341,663,46,,,,,663,46,596,37,67,82,,,581,,,,145,0,30,,,,,,,,,14,,,,,,14,6,21,67,158,149,199,181,110,113,120,1124,4,10,36,85,85,112,83,49,62,89,615,2,11,31,73,64,87,98,61,51,31,509,,,,,,,,,,,,,,,,,,,,,,,,,,,,,,,,,
43,2020-04-09,F4,6616,496,711,48,6616,496,711,48,,,,,711,48,638,41,73,95,,,616,,,,155,0,32,,,,,,,,,14,,,,,,14,6,21,69,163,154,204,188,112,116,127,1160,4,10,38,88,87,115,87,50,63,96,638,2,11,31,75,67,89,101,62,53,31,522,,,,,,,,,,,,,,,,,,,,,,,,,,,,,,,,,
44,2020-04-10,F4,7202,586,760,49,7202,586,760,49,,,,,760,49,685,41,75,106,,,654,,,,167,0,34,,,,,,,,,18,,,,,,18,6,21,74,169,157,208,192,113,120,128,1188,4,10,42,92,90,118,87,51,65,97,656,2,11,32,77,67,90,105,62,55,31,532,,,,,,,,,,,,,,,,,,,,,,,,,,,,,,,,,
45,2020-04-11,F4,7606,404,828,68,7606,404,828,68,,,,,828,68,753,41,75,117,,,711,,,,178,0,34,,,,,,,,,22,,,,,,22,6,21,78,170,160,209,194,114,122,131,1205,4,10,44,93,91,119,89,50,66,98,664,2,11,34,77,69,90,105,64,56,33,541,,,,,,,,,,,,,,,,,,,,,,,,,,,,,,,,,
46,2020-04-12,F4,7936,330,854,26,7936,330,854,26,,,,,854,26,772,44,82,121,,,733,,,,185,0,38,,,,,,,,,34,,,,,,34,6,21,80,171,161,210,195,115,122,131,1212,4,10,46,93,92,119,90,51,66,98,669,2,11,34,78,69,91,105,64,56,33,543,,,,,,,,,,,,,,,,,,,,,,,,,,,,,,,,,
47,2020-04-13,F4,8646,710,908,54,8646,710,908,54,,,,,908,54,778,86,130,126,,,782,,,,189,0,44,,,,,,,,,35,,,,,,35,6,21,81,173,164,211,196,115,122,131,1220,4,10,46,95,93,119,90,51,66,98,672,2,11,35,78,71,92,106,64,56,33,548,,,,,,1,2,6,13,31,53,,,,,,,,1,4,22,27,,,,,,1,2,5,9,9,26
48,2020-04-14,F4,9146,500,974,66,9146,500,974,66,,,,,974,66,831,98,143,143,,,831,,,,201,0,45,,,,,,,,,35,,,,,,35,6,21,81,180,165,218,199,117,126,135,1248,4,10,46,98,94,124,93,52,68,102,691,2,11,35,82,71,94,106,65,58,33,557,,,,,,1,2,6,14,31,54,,,,,,,,1,5,22,28,,,,,,1,2,5,9,9,26
49,2020-04-15,F5,9806,660,1081,107,9806,660,1081,107,,,,,1081,107,914,121,167,143,,,938,,,,249,0,46,,,,,,,,,35,,,,,,35,6,21,82,182,166,221,200,118,130,142,1268,4,10,47,99,95,124,93,52,71,107,702,2,11,35,83,71,97,107,66,59,35,566,,,,,,1,2,7,16,33,59,,,,,,,,2,5,23,30,,,,,,1,2,5,11,10,29
50,2020-04-16,F5,10243,437,1117,36,10243,437,1117,36,,,,,1117,36,929,139,188,194,,,923,,,,256,0,49,,,,,,,,,36,,,,,,36,6,22,86,186,170,226,202,122,137,147,1304,4,10,50,101,97,128,94,54,73,111,722,2,12,36,85,73,98,108,68,64,36,582,,,,,,1,2,7,16,33,59,,,,,,,,2,5,23,30,,,,,,1,2,5,11,10,29
51,2020-04-17,F5,10940,697,1170,53,10940,697,1170,53,,,,,1170,53,957,164,213,198,,,972,,,,259,0,49,,,,,,,,,39,,,,,,39,6,22,87,187,173,227,205,123,138,149,1317,4,10,51,101,100,129,95,55,74,113,732,2,12,36,86,73,98,110,68,64,36,585,,,,,,1,2,7,16,36,62,,,,,,,,2,5,25,32,,,,,,1,2,5,11,11,30
52,2020-04-18,F5,11254,314,1207,37,11254,314,1207,37,,,,,1207,37,977,179,230,202,,,1005,,,,262,0,51,,,,,,,,,40,,,,,,40,6,22,89,190,175,227,205,123,141,152,1330,4,10,52,103,100,129,95,55,75,116,739,2,12,37,87,75,98,110,68,66,36,591,,,,,,1,2,7,16,36,62,,,,,,,,2,5,25,32,,,,,,1,2,5,11,11,30
53,2020-04-19,F5,11506,252,1225,18,11506,252,1225,18,,,,,1225,18,971,200,254,206,,,1019,,,,265,0,54,,,,,,,,,43,,,,,,43,6,22,90,191,176,228,206,123,141,152,1335,4,10,52,104,101,130,95,55,75,116,742,2,12,38,87,75,98,111,68,66,36,593,,,,,,1,2,7,18,37,65,,,,,,,,2,7,26,35,,,,,,1,2,5,11,11,30
54,2020-04-20,F5,11707,201,1231,6,11707,201,1231,6,,,,,1231,6,952,224,279,210,,,1021,,,,266,0,55,,,,,,,,,47,,,,,,47,6,22,93,191,177,230,206,123,144,152,1344,4,10,54,104,102,130,95,55,77,116,747,2,12,39,87,75,100,111,68,67,36,597,,,,,,2,2,7,20,40,71,,,,,,1,,2,8,29,40,,,,,,1,2,5,12,11,31
55,2020-04-21,F6,12367,660,1259,28,12367,660,1259,28,,,,,1259,28,931,272,328,214,,,1045,,,,272,0,56,,,,,,,,,49,,,,,,49,6,24,93,193,179,230,206,124,145,153,1353,4,10,54,105,103,130,95,56,77,117,751,2,14,39,88,76,100,111,68,68,36,602,,,,,,2,2,9,21,45,79,,,,,,1,,3,9,32,45,,,,,,1,2,6,12,13,34
56,2020-04-22,F6,13016,649,1300,41,13016,649,1300,41,,,,,1300,41,943,301,357,218,,,1082,,,,278,0,56,,,,,,,,,60,,,,,,60,6,24,95,193,181,232,207,127,145,156,1366,4,10,55,105,104,131,96,57,78,120,760,2,14,40,88,77,101,111,70,67,36,606,,,,,,2,2,9,21,45,79,,,,,,1,,3,9,32,45,,,,,,1,2,6,12,13,34
57,2020-04-23,F6,13424,408,1326,26,13424,408,1326,26,,,,,1326,26,932,337,394,222,,,1104,,,,282,0,57,,,,,,,,,67,,,,,,67,6,24,95,195,183,233,207,127,145,158,1373,4,10,55,106,105,131,96,57,78,122,764,2,14,40,89,78,102,111,70,67,36,609,,,,,,2,2,10,21,47,82,,,,,,1,,3,9,33,46,,,,,,1,2,7,12,14,36
58,2020-04-24,F6,14152,728,1367,41,14152,728,1367,41,,,,,1367,41,934,374,433,226,,,1141,,,,292,0,59,,,,,,,,,67,,,,,,67,6,24,97,196,186,236,207,129,148,159,1388,4,10,57,107,107,132,96,58,80,123,774,2,14,40,89,79,104,111,71,68,36,614,,,,,,2,2,10,21,47,82,,,,,,1,,3,9,33,46,,,,,,1,2,7,12,14,36
59,2020-04-25,F6,14487,335,1386,19,14487,335,1386,19,,,,,1386,19,825,500,561,227,,,1159,,,,314,0,61,,,,,,,,,71,,,,,,71,6,24,98,196,187,237,210,129,149,160,1396,4,10,57,107,107,133,98,58,81,124,779,2,14,41,89,80,104,112,71,68,36,617,,,,,,,,,,,,,,,,,,,,,,,,,,,,,,,,,
60,2020-04-26,F6,14776,289,1399,13,14776,289,1399,13,,,,,1399,13,781,553,618,228,,,1171,,,,320,0,65,,,,,,,,,74,,,,,,74,7,24,99,197,189,237,210,129,150,160,1402,4,10,58,108,107,133,98,58,81,124,781,3,14,41,89,82,104,112,71,69,36,621,,,,,,,,,,,,,,,,,,,,,,,,,,,,,,,,,
61,2020-04-27,F6,15138,362,1421,22,15138,362,1421,22,,,,,1421,22,761,589,660,229,,,1192,,,,326,0,71,,,,,,,,,77,,,,,,77,7,24,99,197,190,237,210,130,153,161,1408,4,10,58,108,107,133,98,58,84,125,785,3,14,41,89,83,104,112,72,69,36,623,,,,,,2,2,10,21,49,84,,,,,,1,0,3,9,35,48,,,,,,1,2,7,12,14,36
62,2020-04-28,F6,15417,279,1442,21,15417,279,1442,21,,,,,1442,21,742,627,700,235,,,1207,,,,331,0,73,,,,,,,,,79,,,,,,79,7,24,99,198,191,238,213,131,154,163,1418,4,10,58,109,107,133,100,59,84,127,791,3,14,41,89,84,105,113,72,70,36,627,,,,,,2,2,10,21,49,84,,,,,,1,0,3,9,35,48,,,,,,1,2,7,12,14,36
63,2020-04-29,F6,15803,386,1465,23,15803,386,1465,23,,,,,1465,23,650,738,815,235,,,1230,,,,333,0,77,,,,,,,,,81,,,,,,81,7,25,99,199,194,240,215,132,154,164,1429,4,10,58,110,108,134,100,60,84,128,796,3,15,41,89,86,106,115,72,70,36,633,,,,,,2,2,10,22,51,87,,,,,,1,0,3,9,37,50,,,,,,1,2,7,13,14,37
64,2020-04-30,F6,16165,362,1494,29,16165,362,1494,29,,,,,1494,29,606,807,888,235,,,1259,,,,337,0,81,,,,,,,,,85,,,,,,85,8,24,99,200,195,241,215,132,155,165,1434,4,10,58,110,109,134,100,60,84,129,798,4,14,41,90,86,107,115,72,71,36,636,,,,,,2,2,12,22,52,90,,,,,,1,0,3,9,38,51,,,,,,1,2,9,13,14,39
65,2020-05-01,F6,16364,199,1506,12,16364,199,1506,12,,,,,1506,12,574,850,932,235,,,1271,,,,340,0,82,,,,,,,,,89,,,,,,89,8,24,99,200,195,243,215,132,157,166,1439,4,10,58,110,109,135,100,60,86,130,802,4,14,41,90,86,108,115,72,71,36,637,,,,,,,,,,,,,,,,,,,,,,,,,,,,,,,,,
66,2020-05-02,F6,16613,249,1511,5,16613,249,1511,5,,,,,1511,5,482,945,1029,235,,,1276,,,,343,0,84,,,,,,,,,93,,,,,,93,8,24,99,200,195,243,215,132,157,166,1439,4,10,58,110,109,135,100,60,86,130,802,4,14,41,90,86,108,115,72,71,36,637,,,,,,,,,,,,,,,,,,,,,,,,,,,,,,,,,
67,2020-05-03,F6,16726,113,1518,7,16726,113,1518,7,,,,,1518,7,441,992,1077,235,,,1283,,,,345,0,85,,,,,,,,,94,,,,,,94,8,24,99,200,195,243,215,132,157,166,1439,4,10,58,110,109,135,100,60,86,130,802,4,14,41,90,86,108,115,72,71,36,637,,,,,,2,2,12,23,53,92,,,,,,1,0,3,9,39,52,,,,,,1,2,9,14,14,40
68,2020-05-04,F6,16911,185,1526,8,16911,185,1526,8,,,,,1526,8,427,1013,1099,235,,,1291,,,,352,0,86,,,,,,,,,96,,,,,,96,8,24,99,202,195,243,215,133,158,168,1445,4,10,58,112,109,135,100,61,87,132,808,4,14,41,90,86,108,115,72,71,36,637,,,,,,2,2,13,24,54,95,,,,,,1,0,4,10,40,55,,,,,,1,2,9,14,14,40
69,2020-05-05,F6,17203,292,1539,13,17203,292,1539,13,,,,,1539,13,394,1057,1145,236,,,1303,,,,357,0,88,,,,,,,,,98,,,,,,98,8,25,99,202,195,243,215,133,158,170,1448,4,10,58,112,109,135,100,61,87,134,810,4,15,41,90,86,108,115,72,71,36,638,,,,,,2,2,13,25,55,97,,,,,,1,0,4,10,41,56,,,,,,1,2,9,15,14,41
70,2020-05-06,F6,17535,332,1572,33,17535,332,1572,33,,,,,1572,33,404,1079,1168,237,,,1335,,,,365,0,89,,,,,,,,,99,,,,,,99,8,25,99,202,196,243,215,133,158,170,1449,4,10,58,112,110,135,100,61,87,134,811,4,15,41,90,86,108,115,72,71,36,638,,,,,,2,2,13,26,56,99,,,,,,1,0,4,11,42,58,,,,,,1,2,9,15,14,41
71,2020-05-07,F6,17777,242,1586,14,17777,242,1586,14,,,,,1586,14,397,1099,1189,239,,,1347,,,,379,0,90,,,,,,,,,105,,,,,,105,8,26,99,202,196,243,215,133,158,170,1450,4,11,58,112,110,135,100,61,87,134,812,4,15,41,90,86,108,115,72,71,36,638,,,,,,2,2,13,26,56,99,,,,,,1,0,4,11,42,58,,,,,,1,2,9,15,14,41
72,2020-05-08,F6,18188,411,1622,36,18188,411,1622,36,,,,,1622,36,419,1112,1203,241,,,1381,,,,390,0,91,,,,,,,,,107,,,,,,107,8,26,99,204,197,243,216,133,158,170,1454,4,11,58,113,110,135,100,61,87,134,813,4,15,41,91,87,108,116,72,71,36,641,,,,,,2,2,13,26,56,99,,,,,,1,0,4,11,42,58,,,,,,1,2,9,15,14,41
73,2020-05-09,F6,18463,275,1642,20,18463,275,1642,20,,,,,1642,20,415,1136,1227,241,,,1401,,,,396,0,91,,,,,,,,,108,,,,,,108,8,27,100,204,198,243,216,133,158,170,1457,4,12,59,113,110,135,100,61,87,134,815,4,15,41,91,88,108,116,72,71,36,642,,,,,,2,2,13,26,56,99,,,,,,1,0,4,11,42,58,,,,,,1,2,9,15,14,41
74,2020-05-10,F6,18608,145,1664,22,18608,145,1664,22,,,,,1664,22,373,1200,1291,243,,,1421,,,,396,0,91,,,,,,,,,109,,,,,,109,8,27,101,204,200,243,216,133,158,170,1460,4,12,59,113,111,135,100,61,87,134,816,4,15,42,91,89,108,116,72,71,36,644,,,,,,2,2,13,26,56,99,,,,,,1,0,4,11,42,58,,,,,,1,2,9,15,14,41
75,2020-05-11,F6,18797,189,1674,10,18797,189,1674,10,,,,,1674,10,377,1205,1297,243,,,1431,,,,399,0,92,,,,,,,,,109,,,,,,109,8,27,101,204,200,243,217,133,158,170,1461,4,12,59,113,111,135,101,61,87,134,817,4,15,42,91,89,108,116,72,71,36,644,,,,,,2,2,14,26,57,101,,,,,,1,0,5,11,43,60,,,,,,1,2,9,15,14,41
76,2020-05-12,F6,19106,309,1694,20,19106,309,1694,20,,,,,1694,20,370,1229,1324,243,,,1451,,,,419,0,95,,,,,,,,,109,,,,,,109,8,27,102,204,200,243,218,132,159,170,1463,4,12,60,113,111,135,102,60,87,134,818,4,15,42,91,89,108,116,72,72,36,645,,,,,,2,2,15,26,57,102,,,,,,1,0,5,11,43,60,,,,,,1,2,10,15,14,42
77,2020-05-13,F6,19455,349,1723,29,19455,349,1723,29,,,,,1723,29,393,1235,1330,245,,,1478,,,,428,0,95,,,,,,,,,112,,,,,,112,8,27,102,204,201,243,218,132,159,170,1464,4,12,60,113,111,135,102,60,87,134,818,4,15,42,91,90,108,116,72,72,36,646,,,,,,2,2,15,26,58,103,,,,,,1,0,5,11,44,61,,,,,,1,2,10,15,14,42
78,2020-05-14,F6,19915,460,1740,17,19690,235,1739,16,225,225,1,1,1740,17,392,1251,1348,245,,,1495,,,,441,0,97,,,,,,,,,114,,,,,,114,8,27,102,204,201,243,219,132,159,170,1465,4,12,60,113,111,135,102,60,87,134,818,4,15,42,91,90,108,117,72,72,36,647,,,,,,2,2,15,26,58,103,,,,,,1,0,5,11,44,61,,,,,,1,2,10,15,14,42
79,2020-05-15,F7,20377,462,1762,22,19981,291,1761,22,396,171,1,0,1762,22,397,1267,1365,247,,,1515,,,,445,0,98,,,,,,,,,115,,,,,,115,8,27,102,204,201,243,219,132,159,170,1465,4,12,60,113,111,135,102,60,87,134,818,4,15,42,91,90,108,117,72,72,36,647,,,,,,2,2,15,26,58,103,,,,,,1,0,5,11,44,61,,,,,,1,2,10,15,14,42
80,2020-05-16,F7,20803,426,1792,30,20295,314,1791,30,508,112,1,0,1792,30,398,1293,1394,251,,,1541,,,,452,0,101,,,,,,,,,128,,,,,,128,8,27,102,204,202,243,219,132,159,170,1466,4,12,60,113,112,135,102,60,87,134,819,4,15,42,91,90,108,117,72,72,36,647,,,,,,2,2,15,26,58,103,,,,,,1,0,5,11,44,61,,,,,,1,2,10,15,14,42
81,2020-05-17,F7,21089,286,1817,25,20457,162,1816,25,632,124,1,0,1817,25,412,1301,1405,251,,,1566,,,,456,0,104,,,,,,,,,131,,,,,,131,8,27,102,204,202,243,219,132,159,170,1466,4,12,60,113,112,135,102,60,87,134,819,4,15,42,91,90,108,117,72,72,36,647,,,,,,2,2,15,26,58,103,,,,,,1,0,5,11,44,61,,,,,,1,2,10,15,14,42
82,2020-05-18,F7,21622,533,1839,22,20787,330,1838,22,835,203,1,0,1839,22,382,1351,1457,252,,,1587,,,,469,0,106,,,,,,,,,138,,,,,,138,8,27,103,204,202,243,219,132,159,170,1467,4,12,60,113,112,135,102,60,87,134,819,4,15,43,91,90,108,117,72,72,36,648,,,,,,2,2,15,26,58,103,,,,,,1,0,5,11,44,61,,,,,,1,2,10,15,14,42
83,2020-05-19,F7,22134,512,1858,19,21076,289,1857,19,1058,223,1,0,1858,19,381,1367,1477,253,,,1605,,,,477,0,110,,,,,,,,,138,,,,,,138,8,27,103,204,202,243,219,132,159,171,1468,4,12,60,113,112,135,102,60,87,135,820,4,15,43,91,90,108,117,72,72,36,648,,,,,,2,2,15,26,59,104,,,,,,1,0,5,11,45,62,,,,,,1,2,10,15,14,42
84,2020-05-20,F7,22683,549,1898,40,21416,340,1896,39,1267,209,2,1,1898,40,409,1378,1489,254,,,1644,,,,488,0,111,,,,,,,,,142,,,,,,142,8,27,103,204,202,243,219,132,159,171,1468,4,12,60,113,112,135,102,60,87,135,820,4,15,43,91,90,108,117,72,72,36,648,,,,,,2,2,15,26,61,106,,,,,,1,0,5,11,47,64,,,,,,1,2,10,15,14,42
85,2020-05-21,F7,23385,702,1921,23,21715,299,1919,23,1670,403,2,0,1921,23,422,1387,1499,257,,,1664,,,,501,0,112,,,,,,,,,147,,,,,,147,8,27,103,204,202,243,219,132,159,171,1468,4,12,60,113,112,135,102,60,87,135,820,4,15,43,91,90,108,117,72,72,36,648,,,,,,2,2,15,26,61,106,,,,,,1,0,5,11,47,64,,,,,,1,2,10,15,14,42
86,2020-05-22,F7,24129,744,1941,20,22066,351,1939,20,2063,393,2,0,1941,20,417,1411,1524,257,,,1684,,,,505,0,113,,,,,,,,,153,,,,,,153,8,27,103,204,202,243,219,132,159,171,1468,4,12,60,113,112,135,102,60,87,135,820,4,15,43,91,90,108,117,72,72,36,648,,,,,,2,2,15,26,61,106,,,,,,1,0,5,11,47,64,,,,,,1,2,10,15,14,42
87,2020-05-23,F7,24637,508,1978,37,22385,319,1975,36,2252,189,3,1,1978,37,443,1422,1535,258,,,1720,,,,512,0,113,,,,,,,,,159,,,,,,159,8,27,103,204,202,243,219,132,159,171,1468,4,12,60,113,112,135,102,60,87,135,820,4,15,43,91,90,108,117,72,72,36,648,,,,,,2,2,15,26,61,106,,,,,,1,0,5,11,47,64,,,,,,1,2,10,15,14,42
88,2020-05-24,F7,24895,258,1999,21,22630,245,1996,21,2265,13,3,0,1999,21,447,1439,1552,259,,,1740,,,,519,0,113,,,,,,,,,165,,,,,,165,8,27,103,205,202,243,219,132,159,171,1469,4,12,60,114,112,135,102,60,87,135,821,4,15,43,91,90,108,117,72,72,36,648,,,,,,2,2,15,26,61,106,,,,,,1,0,5,11,47,64,,,,,,1,2,10,15,14,42
89,2020-05-25,F7,25209,314,2014,15,22775,145,2011,15,2434,169,3,0,2014,15,445,1453,1569,260,,,1754,,,,523,0,116,,,,,,,,,169,,,,,,169,8,27,103,205,202,243,219,132,159,171,1469,4,12,60,114,112,135,102,60,87,135,821,4,15,43,91,90,108,117,72,72,36,648,,,,,,2,2,15,26,61,106,,,,,,1,0,5,11,47,64,,,,,,1,2,10,15,14,42
90,2020-05-26,F7,25831,622,2039,25,23146,371,2035,24,2685,251,4,1,2039,25,450,1470,1589,260,,,1779,,,,540,8,119,,,,,,,,,173,,,,,,173,9,27,103,206,202,243,219,132,159,171,1471,4,12,60,114,112,135,102,60,87,135,821,5,15,43,92,90,108,117,72,72,36,650,,,,,,2,2,15,27,61,107,,,,,,1,0,5,11,47,64,,,,,,1,2,10,16,14,43
91,2020-05-27,F7,26391,560,2077,38,23538,392,2073,38,2853,168,4,0,2077,38,469,1486,1608,261,,,1816,,,,548,19,122,,,,,,,,,175,,,,,,175,9,27,104,206,203,243,219,132,159,171,1473,4,12,61,114,113,135,102,60,87,135,823,5,15,43,92,90,108,117,72,72,36,650,,,,,,2,2,15,28,61,108,,,,,,1,0,5,11,47,64,,,,,,1,2,10,17,14,44
92,2020-05-28,F7,27052,661,2129,52,24075,537,2123,50,2977,124,6,2,2129,52,487,1516,1642,262,,,1867,,,,557,36,126,,,,,,,,,185,,,,,,185,9,27,104,206,203,243,219,132,159,171,1473,4,12,61,114,113,135,102,60,87,135,823,5,15,43,92,90,108,117,72,72,36,650,,,,,,2,2,15,28,61,108,,,,,,1,0,5,11,47,64,,,,,,1,2,10,17,14,44
93,2020-05-29,F7,28172,1120,2164,35,24708,633,2157,34,3464,487,7,1,2164,35,498,1535,1666,266,,,1898,91,,,564,36,131,,,,,,,,,189,,,,,,189,9,27,104,206,203,243,219,132,159,171,1473,4,12,61,114,113,135,102,60,87,135,823,5,15,43,92,90,108,117,72,72,36,650,,,,,,2,2,15,28,61,108,,,,,,1,0,5,11,47,64,,,,,,1,2,10,17,14,44
94,2020-05-30,F7,28943,771,2226,62,25258,550,2219,62,3685,221,7,0,2226,62,541,1552,1685,266,,,1960,94,,,574,36,133,,,,,,,,,189,,,,,,189,9,27,104,206,203,243,219,132,159,171,1473,4,12,61,114,113,135,102,60,87,135,823,5,15,43,92,90,108,117,72,72,36,650,,,,,,2,2,15,28,61,108,,,,,,1,0,5,11,47,64,,,,,,1,2,10,17,14,44
95,2020-05-31,F7,29670,727,2315,89,25673,415,2305,86,3997,312,10,3,2315,89,606,1569,1709,268,,,2047,90,,,582,36,140,,,,,,,,,196,,,,,,196,9,27,104,206,203,243,219,132,159,171,1473,4,12,61,114,113,135,102,60,87,135,823,5,15,43,92,90,108,117,72,72,36,650,,,,,,2,2,15,28,61,108,,,,,,1,0,5,11,47,64,,,,,,1,2,10,17,14,44
96,2020-06-01,F7,30555,885,2391,76,26431,758,2381,76,4124,127,10,0,2391,76,655,1595,1736,273,,,2118,90,,,587,54,141,,,,,,,,,201,,,,,,201,9,27,104,206,203,245,219,132,159,171,1475,4,12,61,114,113,137,102,60,87,135,825,5,15,43,92,90,108,117,72,72,36,650,,,,,,2,2,15,28,61,108,,,,,,1,0,5,11,47,64,,,,,,1,2,10,17,14,44
97,2020-06-02,F7,31529,974,2491,100,27273,842,2479,98,4256,132,12,2,2491,100,741,1605,1750,276,,,2215,101,,,597,65,145,,,,,,,,,202,,,,,,202,9,29,104,206,203,245,219,132,159,171,1477,4,13,61,114,113,137,102,60,87,135,826,5,16,43,92,90,108,117,72,72,36,651,,,,,,2,2,15,28,61,108,,,,,,1,0,5,11,47,64,,,,,,1,2,10,17,14,44
98,2020-06-03,F7,32482,953,2610,119,28224,951,2598,119,4258,2,12,0,2610,119,842,1621,1768,285,,,2325,92,,,642,65,147,,,,,,,,,204,,,,,,204,9,29,104,206,203,245,219,132,159,171,1477,4,13,61,114,113,137,102,60,87,135,826,5,16,43,92,90,108,117,72,72,36,651,,,,,,2,2,15,28,61,108,,,,,,1,0,5,11,47,64,,,,,,1,2,10,17,14,44
99,2020-06-04,F7,33754,1272,2790,180,29494,1270,2778,180,4260,2,12,0,2790,180,1009,1632,1781,297,,,2493,110,,,647,65,149,,,,,,,,,207,,,,,,207,9,29,104,207,203,246,219,132,159,171,1479,4,13,61,115,113,137,102,60,87,135,827,5,16,43,92,90,109,117,72,72,36,652,,,,,,2,2,15,28,61,108,,,,,,1,0,5,11,47,64,,,,,,1,2,10,17,14,44
100,2020-06-05,F7,34839,1085,2914,124,30466,972,2902,124,4373,113,12,0,2914,124,1123,1640,1791,309,,,2605,128,,,656,65,151,,,,,,,,,216,,,,,,216,9,30,104,210,203,247,219,132,159,171,1484,4,14,61,116,113,138,102,60,87,135,830,5,16,43,94,90,109,117,72,72,36,654,,,,,,2,2,15,28,61,108,,,,,,1,0,5,11,47,64,,,,,,1,2,10,17,14,44
101,2020-06-06,F7,35693,854,3025,111,31217,751,3004,102,4476,103,21,9,3025,111,1225,1647,1800,322,,,2703,146,,,674,65,153,,,,,,,,,223,,,,,,223,9,30,104,211,203,247,219,132,159,171,1485,4,14,61,116,113,138,102,60,87,135,830,5,16,43,95,90,109,117,72,72,36,655,,,,,,2,2,15,28,61,108,,,,,,1,0,5,11,47,64,,,,,,1,2,10,17,14,44
102,2020-06-07,F7,36395,702,3152,127,31891,674,3131,127,4504,28,21,0,3152,127,1343,1653,1809,326,,,2826,164,,,682,66,156,,,,,,,,,236,,,,,,236,9,30,104,211,203,247,219,132,159,171,1485,4,14,61,116,113,138,102,60,87,135,830,5,16,43,95,90,109,117,72,72,36,655,,,,,,2,2,15,28,61,108,,,,,,1,0,5,11,47,64,,,,,,1,2,10,17,14,44
103,2020-06-08,F7,37382,987,3239,87,32798,907,3218,87,4584,80,21,0,3239,87,1424,1658,1815,329,,,2910,181,7,7,694,72,157,,,,,,,,,244,,,,,,244,9,30,104,211,203,247,220,132,159,171,1486,4,14,61,116,113,138,102,60,87,135,830,5,16,43,95,90,109,118,72,72,36,656,,,,,,2,2,15,28,61,108,,,,,,1,0,5,11,47,64,,,,,,1,2,10,17,14,44
104,2020-06-09,F7,38401,1019,3363,124,33798,1000,3342,124,4603,19,21,0,3363,124,1535,1664,1828,338,,,3025,203,8,8,720,88,164,,,,,,,,,260,,,,,,260,9,30,104,212,204,247,220,132,159,171,1488,4,14,61,117,114,138,102,60,87,135,832,5,16,43,95,90,109,118,72,72,36,656,,,,,,2,2,15,29,61,109,,,,,,1,0,5,12,47,65,,,,,,1,2,10,17,14,44
105,2020-06-10,F7,39372,971,3538,175,34769,971,3517,175,4603,0,21,0,3538,175,1687,1682,1851,354,,,3184,221,10,10,750,103,169,,,,,,,,,,,,,,,,,,,,,,,,,,,,,,,,,,,,,,,,,,,,,,,,,,,,,,,,,,,,,,,,,,,,,,,,,,,,,,,,,
106,2020-06-11,F7,40417,1045,3701,164,35814,1045,3680,164,4603,0,21,0,3701,164,1836,1694,1865,371,,,3330,232,10,10,780,,171,,,,,,,,,,,,,,,,,,,,,,,,,,,,,,,,,,,,,,,,,,,,,,,,,,,,,,,,,,,,,,,,,,,,,,,,,,,,,,,,,
107,2020-06-12,F7,41630,1213,3895,196,37027,1213,3874,196,4603,0,21,0,3895,196,2011,1705,1884,381,,,3514,260,,,810,,179,,,,,,,,,,,,,,,,,,,,,,,,,,,,,,,,,,,,,,,,,,,,,,,,,,,,,,,,,,,,,,,,,,,,,,,,,,,,,,,,,
108,2020-06-13,F7,42408,778,4057,162,37805,778,4036,162,4603,0,21,0,4057,162,2159,1710,1898,391,,,3666,289,,,840,,188,,,,,,,,,,,,,,,,,,,,,,,,,,,,,,,,,,,,,,,,,,,,,,,,,,,,,,,,,,,,,,,,,,,,,,,,,,,,,,,,,
109,2020-06-14,F7,43249,841,4157,103,38523,718,4132,99,4726,123,25,4,4157,103,2241,1723,1916,401,,,3756,318,10,10,870,,193,,,,,,,,,,,,,,,,,,,,,,,,,,,,,,,,,,,,,,,,,,,,,,,,,,,,,,,,,,,,,,,,,,,,,,,,,,,,,,,,,
110,2020-06-15,F7,44422,1173,4289,134,39601,1078,4264,134,4821,95,25,0,4289,134,2331,1757,1958,411,,,3878,332,12,12,900,,201,,,,,,,,,,,,,,,,,,,,,,,,,,,,,,,,,,,,,,,,,,,,,,,,,,,,,,,,,,,,,,,,,,,,,,,,,,,,,,,,,
111,2020-06-16,F7,45813,1391,4482,193,40992,1391,4457,193,4821,0,25,0,4482,193,2469,1803,2013,421,,,4061,328,7,7,930,,210,,,,,,,,,,,,,,,,,,,,,,,,,,,,,,,,,,,,,,,,,,,,,,,,,,,,,,,,,,,,,,,,,,,,,,,,,,,,,,,,,
112,2020-06-17,F7,47161,1348,4664,182,42340,1348,4639,182,4821,0,25,0,4664,182,2612,1836,2052,432,,,4232,337,7,7,960,,216,,,,,,,,,,,,,,,,,,,,,,,,,,,,,,,,,,,,,,,,,,,,,,,,,,,,,,,,,,,,,,,,,,,,,,,,,,,,,,,,,
113,2020-06-18,F7,48388,1227,4820,156,43536,1196,4795,156,4852,31,25,0,4820,156,2735,1863,2085,443,,,4377,346,7,7,990,,222,,,,,,,,,,,,,,,,,,,,,,,,,,,,,,,,,,,,,,,,,,,,,,,,,,,,,,,,,,,,,,,,,,,,,,,,,,,,,,,,,
114,2020-06-19,F7,49752,1364,5005,185,44823,1287,4980,185,4929,77,25,0,5005,185,2868,1904,2137,454,,,4551,364,5,5,1020,,233,,,,,,,,,,,,,,,,,,,,,,,,,,,,,,,,,,,,,,,,,,,,,,,,,,,,,,,,,,,,,,,,,,,,,,,,,,,,,,,,,
115,2020-06-20,F7,50528,776,5106,101,45599,776,5081,101,4929,0,25,0,5106,101,2942,1926,2164,464,,,4642,353,7,7,1052,,238,,,,,,,,,,,,,,,,,,,,,,,,,,,,,,,,,,,,,,,,,,,,,,,,,,,,,,,,,,,,,,,,,,,,,,,,,,,,,,,,,
116,2020-06-21,F7,51193,665,5196,90,46264,665,5171,90,4929,0,25,0,5196,90,2975,1974,2221,473,,,4723,378,6,6,1091,,247,,,,,,,,,,,,,,,,,,,,,,,,,,,,,,,,,,,,,,,,,,,,,,,,,,,,,,,,,,,,,,,,,,,,,,,,,,,,,,,,,
117,2020-06-22,F7,52556,1363,5311,118,47627,1363,5286,118,4929,0,25,0,5311,118,3012,2048,2299,482,,,4829,388,7,7,1126,,251,,,,,,,,,,,,,,,,,,,,,,,,,,,,,,,,,,,,,,,,,,,,,,,,,,,,,,,,,,,,,,,,,,,,,,,,,,,,,,,,,
118,2020-06-23,F7,53764,1208,5445,136,48835,1208,5420,136,4929,0,25,0,5445,136,3095,2091,2350,491,,,4954,359,5,5,1160,,259,,,,,,,,,,,,,,,,,,,,,,,,,,,,,,,,,,,,,,,,,,,,,,,,,,,,,,,,,,,,,,,,,,,,,,,,,,,,,,,,,
119,2020-06-24,F7,55043,1279,5595,153,50114,1279,5570,153,4929,0,25,0,5595,153,3164,2166,2431,500,,,5095,393,7,7,1199,,265,,,,,,,,,,,,,,,,,,,,,,,,,,,,,,,,,,,,,,,,,,,,,,,,,,,,,,,,,,,,,,,,,,,,,,,,,,,,,,,,,
120,2020-06-25,F7,56117,1074,5758,163,51188,1074,5733,163,4929,0,25,0,5758,163,3284,2206,2474,510,,,5248,425,7,7,1243,,268,,,,,,,,,,,,,,,,,,,,,,,,,,,,,,,,,,,,,,,,,,,,,,,,,,,,,,,,,,,,,,,,,,,,,,,,,,,,,,,,,
121,2020-06-26,F7,57203,1086,5906,150,52274,1086,5881,150,4929,0,25,0,5906,150,3393,2236,2513,520,,,5386,403,9,9,1271,,277,,,,,,,,,,,,,,,,,,,,,,,,,,,,,,,,,,,,,,,,,,,,,,,,,,,,,,,,,,,,,,,,,,,,,,,,,,,,,,,,,
122,2020-06-27,F7,58073,870,6080,176,53144,870,6055,176,4929,0,25,0,6080,176,3479,2315,2601,529,,,5551,393,9,9,1288,,286,,,,,,,,,,,,,,,,,,,,,,,,,,,,,,,,,,,,,,,,,,,,,,,,,,,,,,,,,,,,,,,,,,,,,,,,,,,,,,,,,
123,2020-06-28,F7,58941,868,6209,132,54012,868,6184,132,4929,0,25,0,6209,132,3484,2427,2725,539,,,5670,405,11,11,1319,,298,,,,,,,,,,,,,,,,,,,,,,,,,,,,,,,,,,,,,,,,,,,,,,,,,,,,,,,,,,,,,,,,,,,,,,,,,,,,,,,,,
124,2020-06-29,F7,60081,1140,6334,126,55152,1140,6309,126,4929,0,25,0,6334,126,3557,2475,2777,543,,,5791,414,11,11,1354,,302,,,,,,,,,,,,,,,,,,,,,,,,,,,,,,,,,,,,,,,,,,,,,,,,,,,,,,,,,,,,,,,,,,,,,,,,,,,,,,,,,
125,2020-06-30,F7,61035,954,6454,120,56106,954,6429,120,4929,0,25,0,6454,120,3550,2598,2904,546,,,5908,411,10,10,1382,,306,,,,,,,,,,,,,,,,,,,,,,,,,,,,,,,,,,,,,,,,,,,,,,,,,,,,,,,,,,,,,,,,,,,,,,,,,,,,,,,,,
126,2020-07-01,F7,63383,1653,6625,173,58454,1653,6600,173,4929,0,25,0,6625,173,3556,2748,3069,550,,,6075,407,8,8,1400,,321,,,,,,,,,,,,,,,,,,,,,,,,,,,,,,,,,,,,,,,,,,,,,,,,,,,,,,,,,,,,,,,,,,,,,,,,,,,,,,,,,
127,2020-07-02,F7,64873,1454,6790,165,59944,1454,6765,165,4929,0,25,0,6790,165,3583,2876,3204,554,,,6236,422,9,9,1432,,328,,,,,,,,,,,,,,,,,,,,,,,,,,,,,,,,,,,,,,,,,,,,,,,,,,,,,,,,,,,,,,,,,,,,,,,,,,,,,,,,,
128,2020-07-03,F7,66133,1296,6937,147,61204,1296,6912,147,4929,0,25,0,6937,147,3611,2987,3321,558,,,6379,419,6,6,1467,,334,,,,,,,,,,,,,,,,,,,,,,,,,,,,,,,,,,,,,,,,,,,,,,,,,,,,,,,,,,,,,,,,,,,,,,,,,,,,,,,,,
129,2020-07-04,F7,67165,1032,7046,115,62236,1032,7021,115,4929,0,25,0,7046,115,3678,3027,3368,562,,,6484,423,5,5,1493,,341,,,,,,,,,,,,,,,,,,,,,,,,,,,,,,,,,,,,,,,,,,,,,,,,,,,,,,,,,,,,,,,,,,,,,,,,,,,,,,,,,
130,2020-07-05,F7,68059,894,7124,78,63130,894,7099,78,4929,0,25,0,7124,78,3579,3199,3545,566,,,6558,421,3,3,1506,,346,,,,,,,,,,,,,,,,,,,,,,,,,,,,,,,,,,,,,,,,,,,,,,,,,,,,,,,,,,,,,,,,,,,,,,,,,,,,,,,,,
131,2020-07-06,F7,69426,1367,7244,120,64497,1367,7219,120,4929,0,25,0,7244,120,3569,3324,3675,566,,,6678,424,3,3,1540,,351,,,,,,,,,,,,,,,,,,,,,,,,,,,,,,,,,,,,,,,,,,,,,,,,,,,,,,,,,,,,,,,,,,,,,,,,,,,,,,,,,
132,2020-07-07,F7,71220,1794,7406,163,66291,1794,7381,163,4929,0,25,0,7406,163,3493,3554,3913,578,,,6828,409,3,3,1548,,359,,,,,,,,,,,,,,,,,,,,,,,,,,,,,,,,,,,,,,,,,,,,,,,,,,,,,,,,,,,,,,,,,,,,,,,,,,,,,,,,,
133,2020-07-08,F7,72690,1470,7572,168,67761,1470,7547,168,4929,0,25,0,7572,168,3586,3624,3986,583,,,6989,412,4,4,1569,,362,,,,,,,,,,,,,,,,,,,,,,,,,,,,,,,,,,,,,,,,,,,,,,,,,,,,,,,,,,,,,,,,,,,,,,,,,,,,,,,,,
134,2020-07-09,F7,74562,1728,7777,205,69633,1728,7752,205,4929,0,25,0,7777,205,3449,3960,4328,589,,,7188,409,4,4,1590,,368,,,,,,,,,,,,,,,,,,,,,,,,,,,,,,,,,,,,,,,,,,,,,,,,,,,,,,,,,,,,,,,,,,,,,,,,,,,,,,,,,
135,2020-07-10,F7,76107,1545,7975,199,71178,1545,7950,199,4929,0,25,0,7975,199,3519,4080,4456,595,,,7380,411,2,2,1612,,376,,,,,,,,,,,,,,,,,,,,,,,,,,,,,,,,,,,,,,,,,,,,,,,,,,,,,,,,,,,,,,,,,,,,,,,,,,,,,,,,,
136,2020-07-11,F7,77160,991,8111,136,72231,991,8086,136,4929,0,25,0,8111,136,3526,4203,4585,600,,,7511,404,4,4,1634,,382,,,,,,,,,,,,,,,,,,,,,,,,,,,,,,,,,,,,,,,,,,,,,,,,,,,,,,,,,,,,,,,,,,,,,,,,,,,,,,,,,
137,2020-07-12,F7,78133,973,8197,88,73204,973,8172,88,4929,0,25,0,8197,88,3486,4326,4711,606,,,7591,401,4,4,1656,,385,,,,,,,,,,,,,,,,,,,,,,,,,,,,,,,,,,,,,,,,,,,,,,,,,,,,,,,,,,,,,,,,,,,,,,,,,,,,,,,,,
138,2020-07-13,F7,79392,1259,8332,135,74463,1259,8307,135,4929,0,25,0,8332,135,3475,4468,4857,606,,,7726,412,5,5,1684,,389,,,,,,,,,,,,,,,,,,,,,,,,,,,,,,,,,,,,,,,,,,,,,,,,,,,,,,,,,,,,,,,,,,,,,,,,,,,,,,,,,
139,2020-07-14,F7,80774,1382,8529,198,75845,1382,8504,198,4929,0,25,0,8529,198,3575,4561,4954,606,,,7923,411,7,7,1707,,393,,,,,,,,,,,,,,,,,,,,,,,,,,,,,,,,,,,,,,,,,,,,,,,,,,,,,,,,,,,,,,,,,,,,,,,,,,,,,,,,,
140,2020-07-15,F7,81604,830,8622,94,76675,830,8597,94,4929,0,25,0,8622,94,3619,4602,5003,606,,,8016,427,6,6,1732,,401,,,,,,,,,,,,,,,,,,,,,,,,,,,,,,,,,,,,,,,,,,,,,,,,,,,,,,,,,,,,,,,,,,,,,,,,,,,,,,,,,
141,2020-07-16,F7,83216,1612,8785,164,78287,1612,8760,164,4929,0,25,0,8785,164,3704,4676,5082,606,,,8179,427,6,6,1754,,406,,,,,,,,,,,,,,,,,,,,,,,,,,,,,,,,,,,,,,,,,,,,,,,,,,,,,,,,,,,,,,,,,,,,,,,,,,,,,,,,,
142,2020-07-17,F7,84916,1700,9026,241,79987,1700,9001,241,4929,0,25,0,9026,241,3885,4727,5141,606,,,8420,419,5,5,1783,,414,,,,,,,,,,,,,,,,,,,,,,,,,,,,,,,,,,,,,,,,,,,,,,,,,,,,,,,,,,,,,,,,,,,,,,,,,,,,,,,,,
143,2020-07-18,F7,85820,904,9153,127,80891,904,9128,127,4929,0,25,0,9153,127,3921,4810,5232,606,,,8547,425,3,3,1798,,422,,,,,,,,,,,,,,,,,,,,,,,,,,,,,,,,,,,,,,,,,,,,,,,,,,,,,,,,,,,,,,,,,,,,,,,,,,,,,,,,,
144,2020-07-19,F7,86543,724,9249,96,81614,724,9224,96,4929,0,25,0,9249,96,3946,4871,5303,606,,,8643,428,3,3,1817,,432,,,,,,,,,,,,,,,,,,,,,,,,,,,,,,,,,,,,,,,,,,,,,,,,,,,,,,,,,,,,,,,,,,,,,,,,,,,,,,,,,
145,2020-07-20,F7,88179,1636,9410,163,83250,1636,9385,163,4929,0,25,0,9410,163,4038,4940,5372,606,,,8804,426,7,7,1837,,432,,,,,,,,,,,,,,,,,,,,,,,,,,,,,,,,,,,,,,,,,,,,,,,,,,,,,,,,,,,,,,,,,,,,,,,,,,,,,,,,,
146,2020-07-21,F7,89703,1437,9546,137,84774,1437,9521,137,4929,0,25,0,9546,137,4033,5071,5513,606,,,8940,401,6,6,1851,,442,,,,,,,,,,,,,,,,,,,,,,,,,,,,,,,,,,,,,,,,,,,,,,,,,,,,,,,,,,,,,,,,,,,,,,,,,,,,,,,,,
147,2020-07-22,F7,91015,1312,9668,123,86086,1312,9643,123,4929,0,25,0,9668,123,4078,5145,5590,606,,,9062,396,5,5,1864,,445,,,,,,,,,,,,,,,,,,,,,,,,,,,,,,,,,,,,,,,,,,,,,,,,,,,,,,,,,,,,,,,,,,,,,,,,,,,,,,,,,
148,2020-07-23,F7,92550,1535,9797,129,87621,1535,9772,129,4929,0,25,0,9797,129,4092,5254,5705,606,,,9191,387,4,4,1882,,451,,,,,,,,,,,,,,,,,,,,,,,,,,,,,,,,,,,,,,,,,,,,,,,,,,,,,,,,,,,,,,,,,,,,,,,,,,,,,,,,,
149,2020-07-24,F7,94092,1542,9934,137,89163,1542,9909,137,4929,0,25,0,9934,137,4117,5357,5817,606,,,9328,399,3,3,1914,,460,,,,,,,,,,,,,,,,,,,,,,,,,,,,,,,,,,,,,,,,,,,,,,,,,,,,,,,,,,,,,,,,,,,,,,,,,,,,,,,,,
150,2020-07-25,F7,95169,1077,10085,152,90240,1077,10060,152,4929,0,25,0,10085,152,4199,5427,5887,606,,,9479,418,3,3,1945,,460,,,,,,,,,,,,,,,,,,,,,,,,,,,,,,,,,,,,,,,,,,,,,,,,,,,,,,,,,,,,,,,,,,,,,,,,,,,,,,,,,
151,2020-07-26,F7,96194,1025,10213,128,91265,1025,10188,128,4929,0,25,0,10213,128,4183,5564,6030,671,,,9542,428,5,5,2103,,466,,,,,,,,,,,,,,,,,,,,,,,,,,,,,,,,,,,,,,,,,,,,,,,,,,,,,,,,,,,,,,,,,,,,,,,,,,,,,,,,,
152,2020-07-27,F7,97550,1356,10315,102,92621,1356,10290,102,4929,0,25,0,10315,102,4181,5663,6134,671,,,9644,428,5,5,2129,,471,,,,,,,,,,,,,,,,,,,,,,,,,,,,,,,,,,,,,,,,,,,,,,,,,,,,,,,,,,,,,,,,,,,,,,,,,,,,,,,,,
153,2020-07-28,F7,99615,1971,10498,188,94686,1971,10473,188,4929,0,25,0,10498,188,4096,5931,6407,671,,,9827,405,5,5,2145,,476,,,,,,,,,,,,,,,,,,,,,,,,,,,,,,,,,,,,,,,,,,,,,,,,,,,,,,,,,,,,,,,,,,,,,,,,,,,,,,,,,
154,2020-07-29,F7,100940,1325,10615,119,96011,1325,10590,119,4929,0,25,0,10615,119,4115,6020,6500,671,,,9944,387,5,5,2159,,480,,,,,,,,,,,,,,,,,,,,,,,,,,,,,,,,,,,,,,,,,,,,,,,,,,,,,,,,,,,,,,,,,,,,,,,,,,,,,,,,,
155,2020-07-30,F7,102317,1377,10753,139,97388,1377,10728,139,4929,0,25,0,10753,139,3713,6554,7040,671,,,10082,387,3,3,2190,,486,,,,,,,,,,,,,,,,,,,,,,,,,,,,,,,,,,,,,,,,,,,,,,,,,,,,,,,,,,,,,,,,,,,,,,,,,,,,,,,,,
156,2020-07-31,F7,103938,1621,10888,138,99009,1621,10863,138,4929,0,25,0,10888,138,3697,6698,7191,671,,,10217,381,4,4,2210,,493,,,,,,,,,,,,,,,,,,,,,,,,,,,,,,,,,,,,,,,,,,,,,,,,,,,,,,,,,,,,,,,,,,,,,,,,,,,,,,,,,
157,2020-08-01,F7,105357,1419,11054,166,100428,1419,11029,166,4929,0,25,0,11054,166,3675,6882,7379,671,,,10383,385,5,5,2227,,497,,,,,,,,,,,,,,,,,,,,,,,,,,,,,,,,,,,,,,,,,,,,,,,,,,,,,,,,,,,,,,,,,,,,,,,,,,,,,,,,,
158,2020-08-02,F7,106047,689,11127,74,101118,689,11102,74,4929,0,25,0,11127,74,3655,6972,7472,718,,,10409,397,4,4,2285,,500,,,,,,,,,,,,,,,,,,,,,,,,,,,,,,,,,,,,,,,,,,,,,,,,,,,,,,,,,,,,,,,,,,,,,,,,,,,,,,,,,
159,2020-08-03,F7,106877,830,11201,75,101948,830,11176,75,4929,0,25,0,11201,75,3588,7108,7613,718,,,10483,385,3,3,2298,,505,,,,,,,,,,,,,,,,,,,,,,,,,,,,,,,,,,,,,,,,,,,,,,,,,,,,,,,,,,,,,,,,,,,,,,,,,,,,,,,,,
160,2020-08-04,F7,108384,1507,11286,88,103455,1507,11261,88,4929,0,25,0,11286,88,3554,7221,7732,718,,,10568,383,4,4,2311,,511,,,,,,,,,,,,,,,,,,,,,,,,,,,,,,,,,,,,,,,,,,,,,,,,,,,,,,,,,,,,,,,,,,,,,,,,,,,,,,,,,
161,2020-08-05,F7,109946,1543,11399,113,105017,1543,11374,113,4929,0,25,0,11399,113,3402,7480,7997,718,,,10681,380,3,3,2323,,517,,,,,,,,,,,,,,,,,,,,,,,,,,,,,,,,,,,,,,,,,,,,,,,,,,,,,,,,,,,,,,,,,,,,,,,,,,,,,,,,,
162,2020-08-06,F7,111791,1845,11554,155,106862,1845,11529,155,4929,0,25,0,11554,155,3428,7607,8126,718,,,10836,368,3,3,2335,,519,,,,,,,,,,,,,,,,,,,,,,,,,,,,,,,,,,,,,,,,,,,,,,,,,,,,,,,,,,,,,,,,,,,,,,,,,,,,,,,,,
163,2020-08-07,F7,113619,1828,11754,200,108690,1828,11729,200,4929,0,25,0,11754,200,3609,7622,8145,718,,,11036,372,5,5,2347,,523,,,,,,,,,,,,,,,,,,,,,,,,,,,,,,,,,,,,,,,,,,,,,,,,,,,,,,,,,,,,,,,,,,,,,,,,,,,,,,,,,
164,2020-08-08,F7,114807,1188,11833,85,109878,1188,11808,85,4929,0,25,0,11833,85,3641,7665,8192,718,,,11115,380,6,6,2361,,527,,,,,,,,,,,,,,,,,,,,,,,,,,,,,,,,,,,,,,,,,,,,,,,,,,,,,,,,,,,,,,,,,,,,,,,,,,,,,,,,,
165,2020-08-09,F7,115590,762,11942,109,110661,762,11917,109,4929,0,25,0,11942,109,3327,8087,8615,736,,,11206,386,6,6,2374,,528,,,,,,,,,,,,,,,,,,,,,,,,,,,,,,,,,,,,,,,,,,,,,,,,,,,,,,,,,,,,,,,,,,,,,,,,,,,,,,,,,
166,2020-08-10,F7,117475,1885,12078,141,112546,1885,12053,141,4929,0,25,0,12078,141,3301,8248,8777,736,,,11342,389,6,6,2396,,529,,,,,,,,,,,,,,,,,,,,,,,,,,,,,,,,,,,,,,,,,,,,,,,,,,,,,,,,,,,,,,,,,,,,,,,,,,,,,,,,,
167,2020-08-11,F7,119102,1627,12216,139,114173,1627,12191,139,4929,0,25,0,12216,139,3199,8487,9017,736,,,11480,396,6,6,2434,,530,,,,,,,,,,,,,,,,,,,,,,,,,,,,,,,,,,,,,,,,,,,,,,,,,,,,,,,,,,,,,,,,,,,,,,,,,,,,,,,,,
168,2020-08-12,F7,120950,1848,12355,141,116021,1848,12330,141,4929,0,25,0,12355,141,3161,8662,9194,736,,,11619,367,6,6,2453,,532,,,,,,,,,,,,,,,,,,,,,,,,,,,,,,,,,,,,,,,,,,,,,,,,,,,,,,,,,,,,,,,,,,,,,,,,,,,,,,,,,
169,2020-08-13,F7,123122,2172,12512,160,118193,2172,12487,160,4929,0,25,0,12512,160,2947,9030,9565,736,,,11776,354,5,5,2485,,535,,,,,,,,,,,,,,,,,,,,,,,,,,,,,,,,,,,,,,,,,,,,,,,,,,,,,,,,,,,,,,,,,,,,,,,,,,,,,,,,,
170,2020-08-14,F7,125128,2006,12652,141,120199,2006,12627,141,4929,0,25,0,12652,141,2990,9123,9662,736,,,11916,354,4,4,2516,,539,,,,,,,,,,,,,,,,,,,,,,,,,,,,,,,,,,,,,,,,,,,,,,,,,,,,,,,,,,,,,,,,,,,,,,,,,,,,,,,,,
171,2020-08-15,F7,126284,1156,12737,87,121355,1156,12712,87,4929,0,25,0,12737,87,3019,9174,9718,736,,,12001,359,3,3,2534,,544,,,,,,,,,,,,,,,,,,,,,,,,,,,,,,,,,,,,,,,,,,,,,,,,,,,,,,,,,,,,,,,,,,,,,,,,,,,,,,,,,
172,2020-08-16,F7,127196,912,12840,103,122267,912,12815,103,4929,0,25,0,12840,103,2932,9361,9908,782,,,12058,372,3,3,2485,,547,,,,,,,,,,,,,,,,,,,,,,,,,,,,,,,,,,,,,,,,,,,,,,,,,,,,,,,,,,,,,,,,,,,,,,,,,,,,,,,,,
173,2020-08-17,F7,128938,1742,12968,130,124009,1742,12943,130,4929,0,25,0,12968,130,2906,9513,10062,782,,,12186,359,3,3,2496,,549,,,,,,,,,,,,,,,,,,,,,,,,,,,,,,,,,,,,,,,,,,,,,,,,,,,,,,,,,,,,,,,,,,,,,,,,,,,,,,,,,
174,2020-08-18,F7,130840,1902,13076,108,125911,1902,13051,108,4929,0,25,0,13076,108,2900,9625,10176,782,,,12294,353,3,3,2513,,551,,,,,,,,,,,,,,,,,,,,,,,,,,,,,,,,,,,,,,,,,,,,,,,,,,,,,,,,,,,,,,,,,,,,,,,,,,,,,,,,,
175,2020-08-19,F7,132493,1653,13193,118,127564,1653,13168,118,4929,0,25,0,13193,118,2887,9752,10306,782,,,12411,356,4,4,2532,,554,,,,,,,,,,,,,,,,,,,,,,,,,,,,,,,,,,,,,,,,,,,,,,,,,,,,,,,,,,,,,,,,,,,,,,,,,,,,,,,,,
176,2020-08-20,F7,134318,1825,13299,115,129389,1825,13274,115,4929,0,25,0,13299,115,2765,9977,10534,782,,,12517,348,4,4,2547,,557,,,,,,,,,,,,,,,,,,,,,,,,,,,,,,,,,,,,,,,,,,,,,,,,,,,,,,,,,,,,,,,,,,,,,,,,,,,,,,,,,
177,2020-08-21,F7,136051,1733,13458,159,131122,1733,13433,159,4929,0,25,0,13458,159,2843,10052,10615,782,,,12676,291,5,5,2564,,563,,,,,,,,,,,,,,,,,,,,,,,,,,,,,,,,,,,,,,,,,,,,,,,,,,,,,,,,,,,,,,,,,,,,,,,,,,,,,,,,,
178,2020-08-22,F7,137465,1414,13595,137,132536,1414,13570,137,4929,0,25,0,13595,137,2921,10110,10674,782,,,12813,322,5,5,2598,,564,,,,,,,,,,,,,,,,,,,,,,,,,,,,,,,,,,,,,,,,,,,,,,,,,,,,,,,,,,,,,,,,,,,,,,,,,,,,,,,,,
179,2020-08-23,F7,138325,860,13672,78,133396,860,13647,78,4929,0,25,0,13672,78,2954,10150,10718,814,,,12858,319,7,7,2683,,568,,,,,,,,,,,,,,,,,,,,,,,,,,,,,,,,,,,,,,,,,,,,,,,,,,,,,,,,,,,,,,,,,,,,,,,,,,,,,,,,,
180,2020-08-24,F7,140093,1768,13795,127,135164,1768,13770,127,4929,0,25,0,13795,127,3012,10210,10783,814,,,12981,339,9,9,2695,,573,,,,,,,,,,,,,,,,,,,,,,,,,,,,,,,,,,,,,,,,,,,,,,,,,,,,,,,,,,,,,,,,,,,,,,,,,,,,,,,,,
181,2020-08-25,F7,142158,2065,13915,119,137229,2065,13890,119,4929,0,25,0,13915,119,2830,10507,11085,814,,,13101,323,5,5,2707,,578,,,,,,,,,,,,,,,,,,,,,,,,,,,,,,,,,,,,,,,,,,,,,,,,,,,,,,,,,,,,,,,,,,,,,,,,,,,,,,,,,
182,2020-08-26,F7,143687,1529,14004,89,138758,1529,13979,89,4929,0,25,0,14004,89,2698,10721,11306,814,,,13190,311,5,5,2719,,585,,,,,,,,,,,,,,,,,,,,,,,,,,,,,,,,,,,,,,,,,,,,,,,,,,,,,,,,,,,,,,,,,,,,,,,,,,,,,,,,,
183,2020-08-27,F7,145705,2018,14162,159,140776,2018,14137,159,4929,0,25,0,14162,159,2639,10933,11523,814,,,13348,306,3,3,2731,,590,,,,,,,,,,,,,,,,,,,,,,,,,,,,,,,,,,,,,,,,,,,,,,,,,,,,,,,,,,,,,,,,,,,,,,,,,,,,,,,,,
184,2020-08-28,F7,147002,1297,14291,131,142073,1297,14266,131,4929,0,25,0,14291,131,2681,11014,11610,814,,,13477,306,3,3,2743,,596,,,,,,,,,,,,,,,,,,,,,,,,,,,,,,,,,,,,,,,,,,,,,,,,,,,,,,,,,,,,,,,,,,,,,,,,,,,,,,,,,
185,2020-08-29,F7,147819,817,14330,39,142890,817,14305,39,4929,0,25,0,14330,39,2668,11062,11662,814,,,13516,330,1,1,2755,,600,,,,,,,,,,,,,,,,,,,,,,,,,,,,,,,,,,,,,,,,,,,,,,,,,,,,,,,,,,,,,,,,,,,,,,,,,,,,,,,,,
186,2020-08-30,F7,148269,450,14340,11,143340,450,14315,11,4929,0,25,0,14340,11,2580,11157,11760,842,,,13498,319,1,1,2766,,603,,,,,,,,,,,,,,,,,,,,,,,,,,,,,,,,,,,,,,,,,,,,,,,,,,,,,,,,,,,,,,,,,,,,,,,,,,,,,,,,,
187,2020-08-31,F7,149934,1665,14455,115,145005,1665,14430,115,4929,0,25,0,14455,115,2326,11525,12129,842,,,13613,310,2,2,2782,,604,,,,,,,,,,,,,,,,,,,,,,,,,,,,,,,,,,,,,,,,,,,,,,,,,,,,,,,,,,,,,,,,,,,,,,,,,,,,,,,,,
188,2020-09-01,F7,151706,1772,14596,145,146777,1772,14571,145,4929,0,25,0,14596,145,2249,11741,12347,842,,,13754,301,1,1,2792,,606,,,,,,,,,,,,,,,,,,,,,,,,,,,,,,,,,,,,,,,,,,,,,,,,,,,,,,,,,,,,,,,,,,,,,,,,,,,,,,,,,
189,2020-09-02,F7,153462,1756,14762,166,148533,1756,14737,166,4929,0,25,0,14762,166,2191,11965,12571,842,,,13920,293,2,2,2809,,606,,,,,,,,,,,,,,,,,,,,,,,,,,,,,,,,,,,,,,,,,,,,,,,,,,,,,,,,,,,,,,,,,,,,,,,,,,,,,,,,,
190,2020-09-03,F7,154948,1486,14871,109,150019,1486,14846,109,4929,0,25,0,14871,109,2208,12054,12663,842,,,14029,295,0,0,2832,,609,,,,,,,,,,,,,,,,,,,,,,,,,,,,,,,,,,,,,,,,,,,,,,,,,,,,,,,,,,,,,,,,,,,,,,,,,,,,,,,,,
191,2020-09-04,F7,156522,1574,14998,127,151593,1574,14973,127,4929,0,25,0,14998,127,2235,12149,12763,842,,,14156,300,2,2,2848,,614,,,,,,,,,,,,,,,,,,,,,,,,,,,,,,,,,,,,,,,,,,,,,,,,,,,,,,,,,,,,,,,,,,,,,,,,,,,,,,,,,
192,2020-09-05,F7,157519,997,15090,92,152590,997,15065,92,4929,0,25,0,15090,92,2238,12235,12852,842,,,14248,301,2,2,2867,,617,,,,,,,,,,,,,,,,,,,,,,,,,,,,,,,,,,,,,,,,,,,,,,,,,,,,,,,,,,,,,,,,,,,,,,,,,,,,,,,,,
193,2020-09-06,F7,158003,484,15127,37,153074,484,15102,37,4929,0,25,0,15127,37,2018,12486,13109,842,,,14285,314,7,7,2892,,623,,,,,,,,,,,,,,,,,,,,,,,,,,,,,,,,,,,,,,,,,,,,,,,,,,,,,,,,,,,,,,,,,,,,,,,,,,,,,,,,,
194,2020-09-07,F7,159387,1384,15221,99,154458,1384,15196,99,4929,0,25,0,15221,99,1890,12700,13331,842,,,14379,310,7,7,2905,,631,,,,,,,,,,,,,,,,,,,,,,,,,,,,,,,,,,,,,,,,,,,,,,,,,,,,,,,,,,,,,,,,,,,,,,,,,,,,,,,,,
195,2020-09-08,F7,160180,793,15293,72,155251,793,15268,72,4929,0,25,0,15293,72,1905,12754,13388,842,,,14451,317,4,4,2920,,634,,,,,,,,,,,,,,,,,,,,,,,,,,,,,,,,,,,,,,,,,,,,,,,,,,,,,,,,,,,,,,,,,,,,,,,,,,,,,,,,,
196,2020-09-09,F7,161590,1410,15413,121,156661,1410,15388,121,4929,0,25,0,15413,121,1880,12896,13533,842,,,14571,306,4,4,2935,,637,,,,,,,,,,,,,,,,,,,,,,,,,,,,,,,,,,,,,,,,,,,,,,,,,,,,,,,,,,,,,,,,,,,,,,,,,,,,,,,,,
197,2020-09-10,F7,163132,1542,15554,142,158203,1542,15529,142,4929,0,25,0,15554,142,1918,12994,13636,842,,,14712,329,4,4,2966,,642,,,,,,,,,,,,,,,,,,,,,,,,,,,,,,,,,,,,,,,,,,,,,,,,,,,,,,,,,,,,,,,,,,,,,,,,,,,,,,,,,
198,2020-09-11,F7,164693,1507,15693,140,159764,1507,15668,140,4929,0,25,0,15693,140,1919,13128,13774,842,,,14851,337,6,6,2998,,646,,,,,,,,,,,,,,,,,,,,,,,,,,,,,,,,,,,,,,,,,,,,,,,,,,,,,,,,,,,,,,,,,,,,,,,,,,,,,,,,,
199,2020-09-12,F7,165892,1253,15790,98,160963,1253,15765,98,4929,0,25,0,15790,98,1958,13184,13832,842,,,14948,338,4,4,3016,,648,,,,,,,,,,,,,,,,,,,,,,,,,,,,,,,,,,,,,,,,,,,,,,,,,,,,,,,,,,,,,,,,,,,,,,,,,,,,,,,,,
200,2020-09-13,F7,166356,464,15827,37,161427,464,15802,37,4929,0,25,0,15827,37,1861,13314,13966,842,,,14985,336,2,2,3032,,652,,,,,,,,,,,,,,,,,,,,,,,,,,,,,,,,,,,,,,,,,,,,,,,,,,,,,,,,,,,,,,,,,,,,,,,,,,,,,,,,,
201,2020-09-14,F7,167760,1404,15925,98,162831,1404,15900,98,4929,0,25,0,15925,98,1846,13418,14079,842,,,15083,342,2,2,3052,,661,,,,,,,,,,,,,,,,,,,,,,,,,,,,,,,,,,,,,,,,,,,,,,,,,,,,,,,,,,,,,,,,,,,,,,,,,,,,,,,,,
202,2020-09-15,F7,169481,1721,16088,163,164552,1721,16063,163,4929,0,25,0,16088,163,1870,13550,14218,842,,,15246,344,3,3,3071,,668,,,,,,,,,,,,,,,,,,,,,,,,,,,,,,,,,,,,,,,,,,,,,,,,,,,,,,,,,,,,,,,,,,,,,,,,,,,,,,,,,
